,Start Date,Start Price,End Date,End Price,Weekly Returns,Bin Label,News,Basics
0,2023-01-08,55.06941223144531,2023-01-15,54.546142578125,-0.009502001784967629,D1,[],"{""assetTurnoverTTM"": 0.5806, ""bookValue"": 7447, ""cashRatio"": 0.18966224531655956, ""currentRatio"": 0.8947, ""ebitPerShare"": 2.4432, ""eps"": 1.8362, ""ev"": 33704.858, ""fcfMargin"": 0.0969, ""fcfPerShareTTM"": 5.0963, ""grossMargin"": 0.3596, ""inventoryTurnoverTTM"": 8.7324, ""longtermDebtTotalAsset"": 0.3424, ""longtermDebtTotalCapital"": 0.5185, ""longtermDebtTotalEquity"": 1.3477, ""netDebtToTotalCapital"": 0.5436, ""netDebtToTotalEquity"": 1.4126, ""netMargin"": 0.093, ""operatingMargin"": 0.1238, ""payoutRatioTTM"": 0.506, ""pb"": 3.1133, ""peTTM"": 15.3746, ""pfcfTTM"": 9.9549, ""pretaxMargin"": 0.1171, ""psTTM"": 1.3386, ""quickRatio"": 0.706, ""receivablesTurnoverTTM"": 7.2605, ""roaTTM"": 0.0505, ""roeTTM"": 0.2006, ""roicTTM"": 0.0762, ""rotcTTM"": 0.1054, ""salesPerShare"": 19.738, ""sgaToSale"": 0.6404, ""totalDebtToEquity"": 1.5989, ""totalDebtToTotalAsset"": 0.4062, ""totalDebtToTotalCapital"": 0.6152, ""totalRatio"": 1.3406, ""period"": ""2022-12-31""}"
1,2023-01-15,54.546142578125,2023-01-22,54.00348663330078,-0.009948566831228911,D1,[],"{""assetTurnoverTTM"": 0.5806, ""bookValue"": 7447, ""cashRatio"": 0.18966224531655956, ""currentRatio"": 0.8947, ""ebitPerShare"": 2.4432, ""eps"": 1.8362, ""ev"": 33704.858, ""fcfMargin"": 0.0969, ""fcfPerShareTTM"": 5.0963, ""grossMargin"": 0.3596, ""inventoryTurnoverTTM"": 8.7324, ""longtermDebtTotalAsset"": 0.3424, ""longtermDebtTotalCapital"": 0.5185, ""longtermDebtTotalEquity"": 1.3477, ""netDebtToTotalCapital"": 0.5436, ""netDebtToTotalEquity"": 1.4126, ""netMargin"": 0.093, ""operatingMargin"": 0.1238, ""payoutRatioTTM"": 0.506, ""pb"": 3.1133, ""peTTM"": 15.3746, ""pfcfTTM"": 9.9549, ""pretaxMargin"": 0.1171, ""psTTM"": 1.3386, ""quickRatio"": 0.706, ""receivablesTurnoverTTM"": 7.2605, ""roaTTM"": 0.0505, ""roeTTM"": 0.2006, ""roicTTM"": 0.0762, ""rotcTTM"": 0.1054, ""salesPerShare"": 19.738, ""sgaToSale"": 0.6404, ""totalDebtToEquity"": 1.5989, ""totalDebtToTotalAsset"": 0.4062, ""totalDebtToTotalCapital"": 0.6152, ""totalRatio"": 1.3406, ""period"": ""2022-12-31""}"
2,2023-01-22,54.00348663330078,2023-01-29,53.38331604003906,-0.0114838991317886,D2,[],{}
3,2023-01-29,53.38331604003906,2023-02-05,54.1391487121582,0.014158593511730322,U2,"[{""date"": ""2023-01-30"", ""headline"": ""Barron`s And Bloomberg 2023 Ideal Dividend Stocks Of The Year"", ""summary"": ""Looking for stock market analysis and research with proves results? Zacks.com offers in-depth financial research with over 30years of proven results.""}, {""date"": ""2023-01-30"", ""headline"": ""Coca-Cola European (CCEP) Gains As Market Dips: What You Should Know"", ""summary"": ""Coca-Cola European (CCEP) closed the most recent trading day at $55.32, moving +0.42% from the previous trading session.""}, {""date"": ""2023-01-31"", ""headline"": ""Barron's And Bloomberg 2023 Ideal Dividend Stocks Of The Year"", ""summary"": ""Two Barron\u00e2\u0080\u0099s Annual Roundtable, plus one Bloomberg Intelligence, articles published late-January listed 99 intriguing stocks for 2023. Read our analysis.""}, {""date"": ""2023-02-01"", ""headline"": ""Kepler Capital  Keeps Their Hold Rating on Coca-Cola Europacific Partners (CCEP)"", ""summary"": ""Looking for stock market analysis and research with proves results? Zacks.com offers in-depth financial research with over 30years of proven results.""}]",{}
4,2023-02-05,54.1391487121582,2023-02-12,52.91818618774414,-0.022552303711045774,D3,"[{""date"": ""2023-02-10"", ""headline"": ""CCEP or MNST: Which Is the Better Value Stock Right Now?"", ""summary"": ""CCEP vs. MNST: Which Stock Is the Better Value Option?""}, {""date"": ""2023-02-10"", ""headline"": ""UK earnings, trading statements calendar - next 7 days"", ""summary"": ""Looking for stock market analysis and research with proves results? Zacks.com offers in-depth financial research with over 30years of proven results.""}]",{}
5,2023-02-12,52.91818618774414,2023-02-19,54.487998962402344,0.02966490138359612,U3,"[{""date"": ""2023-02-14"", ""headline"": ""UK earnings, trading statements calendar - next 7 days"", ""summary"": ""Looking for stock market analysis and research with proves results? Zacks.com offers in-depth financial research with over 30years of proven results.""}, {""date"": ""2023-02-15"", ""headline"": ""LONDON MARKET OPEN: FTSE 100 tops 8,000; Centrica is star performer"", ""summary"": ""Looking for stock market analysis and research with proves results? Zacks.com offers in-depth financial research with over 30years of proven results.""}, {""date"": ""2023-02-15"", ""headline"": ""Coca-Cola Europacific Partners Sees 1H Operating Profit Growth"", ""summary"": ""By Anthony O. Goriainoff Coca-Cola Europacific Partners PLC said Thursday that it expects operating profit growth in the low single digits for the first half...""}, {""date"": ""2023-02-15"", ""headline"": ""LONDON BRIEFING: Centrica, Indivior swing to loss; StanChart bullish"", ""summary"": ""Looking for stock market analysis and research with proves results? Zacks.com offers in-depth financial research with over 30years of proven results.""}, {""date"": ""2023-02-15"", ""headline"": ""Coca-Cola European Partners GAAP EPS of \ufffd\ufffd\ufffd3.29, revenue of \ufffd\ufffd\ufffd17.32B; issues FY23 guidance"", ""summary"": ""Looking for stock market analysis and research with proves results? Zacks.com offers in-depth financial research with over 30years of proven results.""}, {""date"": ""2023-02-15"", ""headline"": ""Coca-Cola Europacific gives prelim FY 2022 numbers"", ""summary"": ""Looking for stock market analysis and research with proves results? Zacks.com offers in-depth financial research with over 30years of proven results.""}, {""date"": ""2023-02-15"", ""headline"": ""GET READY: Centrica, Kerry, Indivior, MJ Gleeson and Relx at 0700 GMT"", ""summary"": ""Looking for stock market analysis and research with proves results? Zacks.com offers in-depth financial research with over 30years of proven results.""}, {""date"": ""2023-02-15"", ""headline"": ""Notable earnings before Thursday`s open"", ""summary"": ""Looking for stock market analysis and research with proves results? Zacks.com offers in-depth financial research with over 30years of proven results.""}, {""date"": ""2023-02-16"", ""headline"": ""Coca-Cola Europacific Partners: Near Term Pressure From Cost Inflation"", ""summary"": ""Looking for stock market analysis and research with proves results? Zacks.com offers in-depth financial research with over 30years of proven results.""}, {""date"": ""2023-02-16"", ""headline"": ""Coca-Cola Europacific Partners PLC (CCEP) Q4 2022 Earnings Call Transcript"", ""summary"": ""Coca-Cola Europacific Partners PLC (NASDAQ:NASDAQ:CCEP) Q4 2022 Results Conference Call February 16, 2023 7:00 AM ETCompany ParticipantsSarah Willett - IRDamian Gammell - CEONik Jhangiani -...""}, {""date"": ""2023-02-16"", ""headline"": ""Coca-Cola Europacific Partners plc Announces Preliminary Unaudited Results Q4 & FY 2022"", ""summary"": ""Solid end to a very successful year, well placed for FY23 and beyond""}, {""date"": ""2023-02-16"", ""headline"": ""Coca-Cola EP annual profit jumps amid Amatil and tourism boost"", ""summary"": ""Looking for stock market analysis and research with proves results? Zacks.com offers in-depth financial research with over 30years of proven results.""}, {""date"": ""2023-02-17"", ""headline"": ""First Week of April 21st Options Trading For Coca-Cola Europacific Partners (CCEP)"", ""summary"": ""Looking for stock market analysis and research with proves results? Zacks.com offers in-depth financial research with over 30years of proven results.""}, {""date"": ""2023-02-17"", ""headline"": ""Analysts Offer Insights on Consumer Goods Companies: Coca-Cola Europacific Partners (CCEP) and Nestl\ufffd\ufffd SA (OtherNSRGF)"", ""summary"": ""Looking for stock market analysis and research with proves results? Zacks.com offers in-depth financial research with over 30years of proven results.""}, {""date"": ""2023-02-17"", ""headline"": ""Coca-Cola Europacific Partners is viewed cautiously at Morgan Stanley"", ""summary"": ""Looking for stock market analysis and research with proves results? Zacks.com offers in-depth financial research with over 30years of proven results.""}, {""date"": ""2023-02-19"", ""headline"": ""Barclays Reaffirms Their Buy Rating on Coca-Cola Europacific Partners (CCEP)"", ""summary"": ""Looking for stock market analysis and research with proves results? Zacks.com offers in-depth financial research with over 30years of proven results.""}]",{}
6,2023-02-19,54.487998962402344,2023-02-26,54.236053466796875,-0.004623871318513939,D1,"[{""date"": ""2023-02-19"", ""headline"": ""Barclays Reaffirms Their Buy Rating on Coca-Cola Europacific Partners (CCEP)"", ""summary"": ""Looking for stock market analysis and research with proves results? Zacks.com offers in-depth financial research with over 30years of proven results.""}, {""date"": ""2023-02-20"", ""headline"": ""Coca-Cola Europacific Partners price target lowered to $67 from $69 at Barclays"", ""summary"": ""Looking for stock market analysis and research with proves results? Zacks.com offers in-depth financial research with over 30years of proven results.""}, {""date"": ""2023-02-20"", ""headline"": ""Quant Ratings Updated on 93 Stocks"", ""summary"": ""Looking for stock market analysis and research with proves results? Zacks.com offers in-depth financial research with over 30years of proven results.""}, {""date"": ""2023-02-21"", ""headline"": ""Coca-Cola Europacific Partners price target lowered to EUR 67 from EUR 69 at Barclays"", ""summary"": ""Looking for stock market analysis and research with proves results? Zacks.com offers in-depth financial research with over 30years of proven results.""}]",{}
7,2023-02-26,54.236053466796875,2023-03-05,54.19729232788086,-0.0007146747677676535,D1,"[{""date"": ""2023-02-28"", ""headline"": ""CCEP vs. MNST: Which Stock Is the Better Value Option?"", ""summary"": ""CCEP vs. MNST: Which Stock Is the Better Value Option?""}, {""date"": ""2023-02-28"", ""headline"": ""Coca-Cola and bottlers escape regulatory probe in Europe"", ""summary"": ""Looking for stock market analysis and research with proves results? Zacks.com offers in-depth financial research with over 30years of proven results.""}, {""date"": ""2023-03-02"", ""headline"": ""March's 17 Ideal 2023 Barrons/Bloomberg Dividend Dogs"", ""summary"": ""Ten top 2023 Bar/BI-projected dividend yields ranged from 4.78% to 7.94%. Click here for a detailed analysis.""}, {""date"": ""2023-03-02"", ""headline"": ""March`s 17 Ideal 2023 Barrons/Bloomberg Dividend Dogs"", ""summary"": ""Looking for stock market analysis and research with proves results? Zacks.com offers in-depth financial research with over 30years of proven results.""}]",{}
8,2023-03-05,54.19729232788086,2023-03-12,52.37553024291992,-0.033613525818590784,D4,[],{}
9,2023-03-12,52.37553024291992,2023-03-19,53.38331604003906,0.019241538795788493,U2,"[{""date"": ""2023-03-15"", ""headline"": ""Tracking Larry Robbins' Glenview Capital Management Portfolio - Q4 2022 Update"", ""summary"": ""Glenview Capital Management\u00e2\u0080\u0099s 13F portfolio value increased from $4B to $4.51B this quarter. Click here to read more about Joho Capital's holdings for Q4 2022.""}, {""date"": ""2023-03-15"", ""headline"": ""Tracking Larry Robbins` Glenview Capital Management Portfolio - Q4 2022 Update"", ""summary"": ""Looking for stock market analysis and research with proves results? Zacks.com offers in-depth financial research with over 30years of proven results.""}, {""date"": ""2023-03-16"", ""headline"": ""Coca-Cola Europacific Partners price target raised to $62 from $60 at Argus"", ""summary"": ""Looking for stock market analysis and research with proves results? Zacks.com offers in-depth financial research with over 30years of proven results.""}, {""date"": ""2023-03-17"", ""headline"": ""Coca-Cola Europacific Partners plc Announces Annual Financial Report"", ""summary"": ""Coca-Cola Europacific Partners plc (\""CCEP\"") (ticker symbol CCEP) announces that, on 17 March 2023, it filed its 2022 Integrated Report and Form 20-F with the Securities and Exchange Commission. This document was filed in accordance with Rule 5250(d) of the Nasdaq Listing Rules and includes CCEP's audited results for the year ended 31 December 2022.""}, {""date"": ""2023-03-17"", ""headline"": ""Coca-Cola Europacific Partners announces annual financial report"", ""summary"": ""Looking for stock market analysis and research with proves results? Zacks.com offers in-depth financial research with over 30years of proven results.""}]",{}
10,2023-03-19,53.38331604003906,2023-03-26,55.020957946777344,0.03067703597712068,U4,"[{""date"": ""2023-03-21"", ""headline"": ""LONDON BROKER RATINGS: Exane BNP raises Sainsbury to 'outperform'"", ""summary"": ""Looking for stock market analysis and research with proves results? Zacks.com offers in-depth financial research with over 30years of proven results.""}, {""date"": ""2023-03-23"", ""headline"": ""Coca-Cola FEMSA: Wait For A Better Entry"", ""summary"": ""Looking for stock market analysis and research with proves results? Zacks.com offers in-depth financial research with over 30years of proven results.""}, {""date"": ""2023-03-24"", ""headline"": ""Coca-Cola European (CCEP) Gains But Lags Market: What You Should Know"", ""summary"": ""Coca-Cola European (CCEP) closed the most recent trading day at $56.78, moving +0.26% from the previous trading session.""}]",{}
11,2023-03-26,55.020957946777344,2023-04-02,57.35629653930664,0.042444528043083185,U5,"[{""date"": ""2023-03-31"", ""headline"": ""Coca-Cola European (CCEP) Outpaces Stock Market Gains: What You Should Know"", ""summary"": ""In the latest trading session, Coca-Cola European (CCEP) closed at $59.19, marking a +1.63% move from the previous day.""}]",{}
12,2023-04-02,57.35629653930664,2023-04-09,56.92024230957031,-0.007602552048274203,D1,"[{""date"": ""2023-04-07"", ""headline"": ""Analysts` Opinions Are Mixed on These Consumer Goods Stocks: The Hershey Company (HSY), Walmart (WMT) and Coca-Cola Europacific Partners (CCEP)"", ""summary"": ""Looking for stock market analysis and research with proves results? Zacks.com offers in-depth financial research with over 30years of proven results.""}]",{}
13,2023-04-09,56.92024230957031,2023-04-16,58.02492141723633,0.01940749130437691,U2,"[{""date"": ""2023-04-12"", ""headline"": ""Coca-Cola Europacific Partners plc Announces Notice of AGM"", ""summary"": ""Coca-Cola Europacific Partners plc (\""CCEP\"") announces that the Notice of Meeting for its 2023 Annual General Meeting (\""Notice of AGM\"") is available to view at: https://www.cocacolaep.com/about-us/governance/shareholder-meetings in which CCEP reaffirms its comparable operating profit guidance for the year ending 31 December 2023, as set out in its full year results announced on 16 February 2023.""}, {""date"": ""2023-04-13"", ""headline"": ""Barclays Sticks to Its Buy Rating for Coca-Cola Europacific Partners (CCEP)"", ""summary"": ""Looking for stock market analysis and research with proves results? Zacks.com offers in-depth financial research with over 30years of proven results.""}, {""date"": ""2023-04-14"", ""headline"": ""Barclays Maintains Coca-Cola European Partners (CCEP) Overweight Recommendation"", ""summary"": """"}, {""date"": ""2023-04-14"", ""headline"": ""Coca-Cola Europacific Partners price target raised to $73 from $67 at Barclays"", ""summary"": ""Looking for stock market analysis and research with proves results? Zacks.com offers in-depth financial research with over 30years of proven results.""}]",{}
14,2023-04-16,58.02492141723633,2023-04-23,59.866058349609375,0.03173010643364926,U4,"[{""date"": ""2023-04-19"", ""headline"": ""19 Ideal April 2023 Barrons/Bloomberg/Investor Dividend Dogs"", ""summary"": """"}, {""date"": ""2023-04-21"", ""headline"": ""UK earnings, trading statements calendar - next 7 days"", ""summary"": ""Looking for stock market analysis and research with proves results? Zacks.com offers in-depth financial research with over 30years of proven results.""}]",{}
15,2023-04-23,59.866058349609375,2023-04-30,62.47272491455078,0.043541643408671504,U5,"[{""date"": ""2023-04-24"", ""headline"": ""LONDON BRIEFING: Whitbread profit soars on rebound in demand"", ""summary"": ""Looking for stock market analysis and research with proves results? Zacks.com offers in-depth financial research with over 30years of proven results.""}, {""date"": ""2023-04-24"", ""headline"": ""Coca-Cola Europacific Partners 1Q Sales Rose"", ""summary"": ""By Christian Moess Laursen Coca-Cola Europacific Partners PLC said Tuesday that its revenue rose 12% in the first quarter of 2023 on strong demand in Europe....""}, {""date"": ""2023-04-24"", ""headline"": ""GET READY: Anglo American, AB Foods, IWG and Whitbread 0700 BST"", ""summary"": ""Looking for stock market analysis and research with proves results? Zacks.com offers in-depth financial research with over 30years of proven results.""}, {""date"": ""2023-04-24"", ""headline"": ""UK earnings, trading statements calendar - next 7 days"", ""summary"": ""Looking for stock market analysis and research with proves results? Zacks.com offers in-depth financial research with over 30years of proven results.""}, {""date"": ""2023-04-24"", ""headline"": ""First Week of CCEP June 16th Options Trading"", ""summary"": ""Looking for stock market analysis and research with proves results? Zacks.com offers in-depth financial research with over 30years of proven results.""}, {""date"": ""2023-04-25"", ""headline"": ""Coca-Cola Europacific Partners price target raised to EUR 65 at Credit Suisse"", ""summary"": ""Looking for stock market analysis and research with proves results? Zacks.com offers in-depth financial research with over 30years of proven results.""}, {""date"": ""2023-04-25"", ""headline"": ""Coca-Cola European Partners declares \ufffd\ufffd\ufffd0.67 first-half interim dividend"", ""summary"": ""Looking for stock market analysis and research with proves results? Zacks.com offers in-depth financial research with over 30years of proven results.""}, {""date"": ""2023-04-25"", ""headline"": ""Coca-Cola Europacific Partners plc Announces Q1 Trading Update & Interim Dividend Declaration"", ""summary"": ""Trading Update for the First Quarter ended 31 March 2023 & Interim Dividend Declaration""}, {""date"": ""2023-04-25"", ""headline"": ""Coca-Cola Europacific says out-of-home demand recovery continues"", ""summary"": ""Looking for stock market analysis and research with proves results? Zacks.com offers in-depth financial research with over 30years of proven results.""}, {""date"": ""2023-04-25"", ""headline"": ""Goldman Sachs Remains a Hold on Coca-Cola Europacific Partners (CCEP)"", ""summary"": ""Looking for stock market analysis and research with proves results? Zacks.com offers in-depth financial research with over 30years of proven results.""}, {""date"": ""2023-04-26"", ""headline"": ""Coca-Cola European Partners (CCEP) Declares $0.67 Dividend"", ""summary"": """"}, {""date"": ""2023-04-26"", ""headline"": ""Societe Generale Upgrades Coca-Cola European Partners (CCEP)"", ""summary"": """"}, {""date"": ""2023-04-26"", ""headline"": ""Goldman Sachs Maintains Coca-Cola European Partners (CCEP) Neutral Recommendation"", ""summary"": """"}, {""date"": ""2023-04-26"", ""headline"": ""Kepler Capital  Reaffirms Their Hold Rating on Coca-Cola Europacific Partners (CCEP)"", ""summary"": ""Looking for stock market analysis and research with proves results? Zacks.com offers in-depth financial research with over 30years of proven results.""}, {""date"": ""2023-04-26"", ""headline"": ""Analysts Offer Insights on Consumer Goods Companies: PulteGroup (PHM), Rush Enterprises A (RUSHA) and Coca-Cola Europacific Partners (CCEP)"", ""summary"": ""Looking for stock market analysis and research with proves results? Zacks.com offers in-depth financial research with over 30years of proven results.""}, {""date"": ""2023-04-26"", ""headline"": ""Coca-Cola Europacific Partners price target raised to $71 from $68 at UBS"", ""summary"": ""Looking for stock market analysis and research with proves results? Zacks.com offers in-depth financial research with over 30years of proven results.""}, {""date"": ""2023-04-26"", ""headline"": ""Coca-Cola Europacific Partners upgraded to Hold from Sell at Societe Generale"", ""summary"": ""Looking for stock market analysis and research with proves results? Zacks.com offers in-depth financial research with over 30years of proven results.""}, {""date"": ""2023-04-27"", ""headline"": ""Barclays Maintains Coca-Cola European Partners (CCEP) Overweight Recommendation"", ""summary"": """"}, {""date"": ""2023-04-27"", ""headline"": ""TOP NEWS: Flutter names former Kellogg chief John Bryant as new chair"", ""summary"": ""Looking for stock market analysis and research with proves results? Zacks.com offers in-depth financial research with over 30years of proven results.""}, {""date"": ""2023-04-27"", ""headline"": ""Barclays Remains a Buy on Coca-Cola Europacific Partners (CCEP)"", ""summary"": ""Looking for stock market analysis and research with proves results? Zacks.com offers in-depth financial research with over 30years of proven results.""}, {""date"": ""2023-04-27"", ""headline"": ""Coca-Cola Europacific Partners price target raised to $75 from $73 at Barclays"", ""summary"": ""Looking for stock market analysis and research with proves results? Zacks.com offers in-depth financial research with over 30years of proven results.""}, {""date"": ""2023-04-27"", ""headline"": ""Flutter Entertainment PLC Appoints John Bryant as Nonexecutive Director, Chair Designate"", ""summary"": ""By Michael Susin Flutter Entertainment PLC said Thursday that it has appointed John Bryant as chair designate with effect from Sept. 1. The FTSE 100 gambling...""}]",{}
16,2023-04-30,62.47272491455078,2023-05-07,63.56771469116211,0.017527485444392532,U2,"[{""date"": ""2023-05-01"", ""headline"": ""CCEP or BROS: Which Is the Better Value Stock Right Now?"", ""summary"": ""CCEP vs. BROS: Which Stock Is the Better Value Option?""}, {""date"": ""2023-05-05"", ""headline"": ""UK dividends calendar - next 7 days"", ""summary"": ""Looking for stock market analysis and research with proves results? Zacks.com offers in-depth financial research with over 30years of proven results.""}]",{}
17,2023-05-07,63.56771469116211,2023-05-14,64.19063568115234,0.009799329628517262,U1,"[{""date"": ""2023-05-10"", ""headline"": ""UK dividends calendar - next 7 days"", ""summary"": ""Looking for stock market analysis and research with proves results? Zacks.com offers in-depth financial research with over 30years of proven results.""}]",{}
18,2023-05-14,64.19063568115234,2023-05-21,64.44544219970703,0.003969527889088997,U1,"[{""date"": ""2023-05-15"", ""headline"": ""Coca-Cola Europacific Partners Encourages Shareholders to Vote for All AGM Resolutions Despite Opposition"", ""summary"": ""By Kyle Morris Coca-Cola Europacific Partners said Monday that it is encouraging shareholders to vote for all resolutions at its annual general meetings...""}, {""date"": ""2023-05-17"", ""headline"": ""Coca-Cola Europacific Partners: Positive Outlook For FY2023/2024 Pricing And Margin (Upgrade)"", ""summary"": ""CCEP has demonstrated strong momentum and execution in Q1, surpassing expectations despite the challenges posed by inflation. See why I'm upgrading CCEP to Buy.""}, {""date"": ""2023-05-17"", ""headline"": ""CCEP vs. BROS: Which Stock Is the Better Value Option?"", ""summary"": ""CCEP vs. BROS: Which Stock Is the Better Value Option?""}, {""date"": ""2023-05-18"", ""headline"": ""First Week of CCEP July 21st Options Trading"", ""summary"": ""Looking for stock market analysis and research with proves results? Zacks.com offers in-depth financial research with over 30years of proven results.""}, {""date"": ""2023-05-19"", ""headline"": ""UK dividends calendar - next 7 days"", ""summary"": ""Looking for stock market analysis and research with proves results? Zacks.com offers in-depth financial research with over 30years of proven results.""}, {""date"": ""2023-05-19"", ""headline"": ""UK shareholder meetings calendar - next 7 days"", ""summary"": ""Looking for stock market analysis and research with proves results? Zacks.com offers in-depth financial research with over 30years of proven results.""}]",{}
19,2023-05-21,64.44544219970703,2023-05-28,61.62301254272461,-0.04379564420143356,D5,"[{""date"": ""2023-05-23"", ""headline"": ""UK shareholder meetings calendar - next 7 days"", ""summary"": ""Looking for stock market analysis and research with proves results? Zacks.com offers in-depth financial research with over 30years of proven results.""}, {""date"": ""2023-05-24"", ""headline"": ""UK dividends calendar - next 7 days"", ""summary"": ""Looking for stock market analysis and research with proves results? Zacks.com offers in-depth financial research with over 30years of proven results.""}, {""date"": ""2023-05-25"", ""headline"": ""Coca-Cola Europacific Partners braces for two-week strike at key plant"", ""summary"": ""Looking for stock market analysis and research with proves results? Zacks.com offers in-depth financial research with over 30years of proven results.""}, {""date"": ""2023-05-26"", ""headline"": ""Argus Research Maintains Coca-Cola Europacific Partners (CCEP) Buy Recommendation"", ""summary"": """"}, {""date"": ""2023-05-26"", ""headline"": ""IN BRIEF: Coca-Cola EP director Mirzayantz buys shares for USD500,000"", ""summary"": ""Looking for stock market analysis and research with proves results? Zacks.com offers in-depth financial research with over 30years of proven results.""}, {""date"": ""2023-05-26"", ""headline"": ""Analyst Expectations for Coca-Cola Europacific's Future"", ""summary"": ""Looking for stock market analysis and research with proves results? Zacks.com offers in-depth financial research with over 30years of proven results.""}, {""date"": ""2023-05-26"", ""headline"": ""Coca-Cola Europacific Partners price target raised to $72 from $62 at Argus"", ""summary"": ""Looking for stock market analysis and research with proves results? Zacks.com offers in-depth financial research with over 30years of proven results.""}]",{}
20,2023-05-28,61.62301254272461,2023-06-04,62.21101760864258,0.00954197209216745,U1,[],{}
21,2023-06-04,62.21101760864258,2023-06-11,62.45602035522461,0.0039382533191032465,U1,[],{}
22,2023-06-11,62.45602035522461,2023-06-18,64.04363250732422,0.025419681610674427,U3,[],{}
23,2023-06-18,64.04363250732422,2023-06-25,63.73983383178711,-0.004743620304522356,D1,"[{""date"": ""2023-06-19"", ""headline"": ""CCEP or BROS: Which Is the Better Value Stock Right Now?"", ""summary"": ""CCEP vs. BROS: Which Stock Is the Better Value Option?""}, {""date"": ""2023-06-20"", ""headline"": ""First Week of CCEP February 2024 Options Trading"", ""summary"": ""Looking for stock market analysis and research with proves results? Zacks.com offers in-depth financial research with over 30years of proven results.""}, {""date"": ""2023-06-22"", ""headline"": ""What Does Coca-Cola Europacific's Debt Look Like?"", ""summary"": ""Looking for stock market analysis and research with proves results? Zacks.com offers in-depth financial research with over 30years of proven results.""}]",{}
24,2023-06-25,63.73983383178711,2023-07-02,63.14202880859375,-0.009378829332548966,D1,"[{""date"": ""2023-07-01"", ""headline"": ""Beverage sector breakdown: Soda looks to pop, energy drink M&A and the latest beer buzz"", ""summary"": ""Looking for stock market analysis and research with proves results? Zacks.com offers in-depth financial research with over 30years of proven results.""}]","{""assetTurnoverTTM"": 0.6096, ""bookValue"": 7760, ""cashRatio"": 0.1268537531371207, ""currentRatio"": 0.8508, ""ebitPerShare"": 2.549, ""eps"": 1.8606, ""ev"": 37769.4745, ""fcfMargin"": 0.1117, ""fcfPerShareTTM"": 4.0951, ""grossMargin"": 0.3663, ""inventoryTurnoverTTM"": 7.3483, ""longtermDebtTotalAsset"": 0.2957, ""longtermDebtTotalCapital"": 0.4514, ""longtermDebtTotalEquity"": 1.1353, ""netDebtToTotalCapital"": 0.5454, ""netDebtToTotalEquity"": 1.3718, ""netMargin"": 0.0951, ""operatingMargin"": 0.1303, ""payoutRatioTTM"": 0.4808, ""pb"": 3.4954, ""peTTM"": 16.0026, ""pfcfTTM"": 14.4356, ""pretaxMargin"": 0.1226, ""psTTM"": 1.5055, ""quickRatio"": 0.6553, ""receivablesTurnoverTTM"": 6.3407, ""roaTTM"": 0.0574, ""roeTTM"": 0.2229, ""roicTTM"": 0.0872, ""rotcTTM"": 0.1178, ""salesPerShare"": 19.5577, ""sgaToSale"": 0.6337, ""totalDebtToEquity"": 1.5151, ""totalDebtToTotalAsset"": 0.3946, ""totalDebtToTotalCapital"": 0.6024, ""totalRatio"": 1.3522, ""period"": ""2023-06-30""}"
25,2023-07-02,63.14202880859375,2023-07-09,63.20082473754883,0.0009311694613631794,U1,"[{""date"": ""2023-07-03"", ""headline"": ""Coca Cola Europacific Partners : Notification of transactions of persons discharging managerial responsibilities (&ldquo;PDMR&rdquo;) or persons closely associated with them (&ldquo;PCA&rdquo;) - Form 6-K"", ""summary"": ""Notification of transactions of persons discharging managerial responsibilities  or persons closely associated with them \n    \n    \n      \n    \n    \n      \n        \n          \n          \n      ...""}, {""date"": ""2023-07-04"", ""headline"": ""Coca-Cola Europacific price target raised to EUR 69 from EUR 66.50 at JPMorgan"", ""summary"": ""Looking for stock market analysis and research with proves results? Zacks.com offers in-depth financial research with over 30years of proven results.""}, {""date"": ""2023-07-05"", ""headline"": ""Coca-Cola FEMSA: Quenching Thirst For Profits"", ""summary"": ""Coca-Cola FEMSA is an attractive investment due to its monopolistic position in the Latin American market. Click here to see our take on KOF stock.""}, {""date"": ""2023-07-05"", ""headline"": ""JP Morgan Maintains Coca-Cola Europacific Partners (CCEP) Overweight Recommendation"", ""summary"": """"}, {""date"": ""2023-07-05"", ""headline"": ""JP Morgan Maintains Overweight Rating for Coca-Cola Europacific: Here's What You Need To Know"", ""summary"": ""Looking for stock market analysis and research with proves results? Zacks.com offers in-depth financial research with over 30years of proven results.""}, {""date"": ""2023-07-05"", ""headline"": ""Expert Ratings for Coca-Cola Europacific"", ""summary"": ""Looking for stock market analysis and research with proves results? Zacks.com offers in-depth financial research with over 30years of proven results.""}, {""date"": ""2023-07-05"", ""headline"": ""Coca-Cola Europacific price target raised to $75.50 from $66.50 at JPMorgan"", ""summary"": ""Looking for stock market analysis and research with proves results? Zacks.com offers in-depth financial research with over 30years of proven results.""}, {""date"": ""2023-07-06"", ""headline"": ""Coca-Cola Europacific Partners price target raised to EUR 67 at Credit Suisse"", ""summary"": ""Looking for stock market analysis and research with proves results? Zacks.com offers in-depth financial research with over 30years of proven results.""}, {""date"": ""2023-07-06"", ""headline"": ""CCEP vs. BROS: Which Stock Is the Better Value Option?"", ""summary"": ""CCEP vs. BROS: Which Stock Is the Better Value Option?""}, {""date"": ""2023-07-07"", ""headline"": ""Analysts Offer Insights on Consumer Goods Companies: Coca-Cola Europacific Partners (CCEP) and Emmi AG (OtherEMLZF)"", ""summary"": ""Looking for stock market analysis and research with proves results? Zacks.com offers in-depth financial research with over 30years of proven results.""}, {""date"": ""2023-07-08"", ""headline"": ""Coca-Cola Europacific Partners: Beverage Winner With Consistent Cash Flows"", ""summary"": ""Coca-Cola Europacific expected to continue its growth trajectory due to strong performance in key brands and has scope for margin improvements. Read more about CCEP here.""}]","{""assetTurnoverTTM"": 0.6096, ""bookValue"": 7760, ""cashRatio"": 0.1268537531371207, ""currentRatio"": 0.8508, ""ebitPerShare"": 2.549, ""eps"": 1.8606, ""ev"": 37769.4745, ""fcfMargin"": 0.1117, ""fcfPerShareTTM"": 4.0951, ""grossMargin"": 0.3663, ""inventoryTurnoverTTM"": 7.3483, ""longtermDebtTotalAsset"": 0.2957, ""longtermDebtTotalCapital"": 0.4514, ""longtermDebtTotalEquity"": 1.1353, ""netDebtToTotalCapital"": 0.5454, ""netDebtToTotalEquity"": 1.3718, ""netMargin"": 0.0951, ""operatingMargin"": 0.1303, ""payoutRatioTTM"": 0.4808, ""pb"": 3.4954, ""peTTM"": 16.0026, ""pfcfTTM"": 14.4356, ""pretaxMargin"": 0.1226, ""psTTM"": 1.5055, ""quickRatio"": 0.6553, ""receivablesTurnoverTTM"": 6.3407, ""roaTTM"": 0.0574, ""roeTTM"": 0.2229, ""roicTTM"": 0.0872, ""rotcTTM"": 0.1178, ""salesPerShare"": 19.5577, ""sgaToSale"": 0.6337, ""totalDebtToEquity"": 1.5151, ""totalDebtToTotalAsset"": 0.3946, ""totalDebtToTotalCapital"": 0.6024, ""totalRatio"": 1.3522, ""period"": ""2023-06-30""}"
26,2023-07-09,63.20082473754883,2023-07-16,64.24943542480469,0.016591724737934577,U2,"[{""date"": ""2023-07-14"", ""headline"": ""Coca Cola Europacific Partners : Oferta P\u00fablica de Distribui\u00e7\u00e3o de a\u00e7\u00f5es reservada a trabalhadores da Coca-Cola Europacific Partners PLC - Resultados da Oferta"", ""summary"": ""13 July 2023\n      \n      \n        Coca-Cola Europacific Partners plc\n      \n      \n        a company incorporated in the UK, registered with nr. 9717350 and with head-office in\n     ...""}]","{""assetTurnoverTTM"": 0.6096, ""bookValue"": 7760, ""cashRatio"": 0.1268537531371207, ""currentRatio"": 0.8508, ""ebitPerShare"": 2.549, ""eps"": 1.8606, ""ev"": 37769.4745, ""fcfMargin"": 0.1117, ""fcfPerShareTTM"": 4.0951, ""grossMargin"": 0.3663, ""inventoryTurnoverTTM"": 7.3483, ""longtermDebtTotalAsset"": 0.2957, ""longtermDebtTotalCapital"": 0.4514, ""longtermDebtTotalEquity"": 1.1353, ""netDebtToTotalCapital"": 0.5454, ""netDebtToTotalEquity"": 1.3718, ""netMargin"": 0.0951, ""operatingMargin"": 0.1303, ""payoutRatioTTM"": 0.4808, ""pb"": 3.4954, ""peTTM"": 16.0026, ""pfcfTTM"": 14.4356, ""pretaxMargin"": 0.1226, ""psTTM"": 1.5055, ""quickRatio"": 0.6553, ""receivablesTurnoverTTM"": 6.3407, ""roaTTM"": 0.0574, ""roeTTM"": 0.2229, ""roicTTM"": 0.0872, ""rotcTTM"": 0.1178, ""salesPerShare"": 19.5577, ""sgaToSale"": 0.6337, ""totalDebtToEquity"": 1.5151, ""totalDebtToTotalAsset"": 0.3946, ""totalDebtToTotalCapital"": 0.6024, ""totalRatio"": 1.3522, ""period"": ""2023-06-30""}"
27,2023-07-16,64.24943542480469,2023-07-23,63.61243438720703,-0.009914500156864126,D1,"[{""date"": ""2023-07-20"", ""headline"": ""Barclays Maintains Coca-Cola Europacific Partners (CCEP) Overweight Recommendation"", ""summary"": """"}, {""date"": ""2023-07-20"", ""headline"": ""Coca-Cola Europacific Partners price target lowered to $72 from $75 at Barclays"", ""summary"": ""Looking for stock market analysis and research with proves results? Zacks.com offers in-depth financial research with over 30years of proven results.""}]",{}
28,2023-07-23,63.61243438720703,2023-07-30,62.71082305908203,-0.014173507692488485,D2,"[{""date"": ""2023-07-25"", ""headline"": ""CCEP vs. BROS: Which Stock Should Value Investors Buy Now?"", ""summary"": ""CCEP vs. BROS: Which Stock Is the Better Value Option?""}, {""date"": ""2023-07-28"", ""headline"": ""UK earnings, trading statements calendar - next 7 days"", ""summary"": ""Looking for stock market analysis and research with proves results? Zacks.com offers in-depth financial research with over 30years of proven results.""}]",{}
29,2023-07-30,62.71082305908203,2023-08-06,62.4658203125,-0.003906865428176642,D1,"[{""date"": ""2023-08-01"", ""headline"": ""TOP NEWS: Coca-Cola Europacific set to buy bottler in Philippines"", ""summary"": ""Looking for stock market analysis and research with proves results? Zacks.com offers in-depth financial research with over 30years of proven results.""}, {""date"": ""2023-08-01"", ""headline"": ""Coca-Cola Europacific Partners Non-GAAP EPS of \u20ac1.85, revenue of \u20ac8.98B; raises FY guidance"", ""summary"": ""Looking for stock market analysis and research with proves results? Zacks.com offers in-depth financial research with over 30years of proven results.""}, {""date"": ""2023-08-01"", ""headline"": ""Coca-Cola Europacific Partners and Aboitiz Equity Ventures will jointly acquire Coca-Cola Beverages Philippines"", ""summary"": ""Looking for stock market analysis and research with proves results? Zacks.com offers in-depth financial research with over 30years of proven results.""}, {""date"": ""2023-08-01"", ""headline"": ""Coca-Cola Europacific Profit Rose; Increases 2023 Guidance on Strong Performance"", ""summary"": ""By Joe Hoppe \n\n\n  Coca-Cola Europacific Partners said that first-half pretax profit and revenue significantly increased, and raised guidance for the full year based on its strong performance to...""}, {""date"": ""2023-08-01"", ""headline"": ""Coca-Cola Europacific Eyes Takeover of Coca-Cola's $1.8 Billion Philippines Bottling Business"", ""summary"": ""By Joe Hoppe \n\n\n  Coca-Cola Europacific Partners said Wednesday that it is considering together with Aboitiz Equity Ventures to buy Coca-Cola Beverages Philippines from The Coca-Cola Company,...""}, {""date"": ""2023-08-01"", ""headline"": ""Coca-Cola Europacific Eyes Takeover of Coca-Cola's $1.8 Bln Philippines Bottling Business"", ""summary"": ""By Joe Hoppe Coca-Cola Europacific Partners said Wednesday that it is considering together with Aboitiz Equity Ventures to buy Coca-Cola Beverages...""}, {""date"": ""2023-08-01"", ""headline"": ""LONDON BRIEFING: Taylor Wimpey profit falls; BAE Systems revenue up"", ""summary"": ""Looking for stock market analysis and research with proves results? Zacks.com offers in-depth financial research with over 30years of proven results.""}, {""date"": ""2023-08-01"", ""headline"": ""Coca Cola Europacific Partners : Proposed acquisition of Coca-Cola Beverages Philippines, Inc. (CCBPI), together with Aboitiz Equity Ventures Inc. (AEV)"", ""summary"": ""Coca-Cola Europacific Partners plc  today announces it has, together with Aboitiz Equity Ventures Inc. , entered into a Letter of Intent to jointly acquire   Coca-Cola Beverages Philippines,...""}, {""date"": ""2023-08-01"", ""headline"": ""Coca-Cola European Partners Non-GAAP EPS of \u20ac1.85, revenue of \u20ac8.98B; raises FY guidance"", ""summary"": ""Looking for stock market analysis and research with proves results? Zacks.com offers in-depth financial research with over 30years of proven results.""}, {""date"": ""2023-08-01"", ""headline"": ""Coca Cola Europacific Partners : CCEP Proposed acquisition of CCBPI"", ""summary"": ""THIS ANNOUNCEMENT CONTAINS INSIDE INFORMATION\n      \n      \n        2 August 2023\n      \n      \n        Coca-Cola Europacific Partners plc  today announces it has, together with...""}, {""date"": ""2023-08-01"", ""headline"": ""GET READY: BAE Systems, Haleon, Smufit Kappa, ConvaTec at 0700 BST"", ""summary"": ""Looking for stock market analysis and research with proves results? Zacks.com offers in-depth financial research with over 30years of proven results.""}, {""date"": ""2023-08-01"", ""headline"": ""UK earnings, trading statements calendar - next 7 days"", ""summary"": ""Looking for stock market analysis and research with proves results? Zacks.com offers in-depth financial research with over 30years of proven results.""}, {""date"": ""2023-08-01"", ""headline"": ""Notable earnings before Wednesday's open"", ""summary"": ""Looking for stock market analysis and research with proves results? Zacks.com offers in-depth financial research with over 30years of proven results.""}, {""date"": ""2023-08-01"", ""headline"": ""Coca Cola Europacific Partners : Notification of transactions of persons discharging managerial responsibilities (\u201cPDMR\u201d) or persons closely associated with them (\u201cPCA\u201d) - Form 6-K"", ""summary"": ""Notification of transactions of persons discharging managerial responsibilities  or persons closely associated with them \n    \n    \n      \n        \n          \n          \n        \n        \n     ...""}, {""date"": ""2023-08-02"", ""headline"": ""Coca-Cola Europacific Partners PLC (CCEP) H1 2023 Earnings Call Transcript"", ""summary"": ""Coca-Cola Europacific Partners PLC (NASDAQ:NASDAQ:CCEP) H1 2023 Earnings Conference Call August 2, 2023 5:30 AM ETCompany ParticipantsDamian Gammell \u00e2\u0080\u0093 Chief Executive OfficerNik Jhangiani \u00e2\u0080\u0093...""}, {""date"": ""2023-08-02"", ""headline"": ""Coca Cola Europacific Partners : Halfjaarlijkse financi\u00eble verslaggeving"", ""summary"": ""Coca-Cola Europacific Partners plc, Halfjaarlijkse financi\u00eble verslaggeving\n    \n      \n        Coca-Cola Europacific Partners plc, Halfjaarlijkse financi\u00eble verslaggeving\n      \n      \n      \n     ...""}, {""date"": ""2023-08-02"", ""headline"": ""Coca-Cola Europacific Partners PLC Announces Results for the Six Months Ended 30 June 2023"", ""summary"": ""Strong first half, raising FY guidance UXBRIDGE, UK / ACCESSWIRE / August 2, 2023 / H1 2023 Metric[1] As Reported Comparable [1] Change vs H1 2022 As Reported Comparable [1] Comparable FXN [1] Total CCEP Volume (M UC)[2] 1,631 ...""}, {""date"": ""2023-08-02"", ""headline"": ""Coca Cola Europacific Partners : THIS ANNOUNCEMENT CONTAINS INSIDE INFORMATION - Form 6-K"", ""summary"": ""THIS ANNOUNCEMENT CONTAINS INSIDE INFORMATION\n    \n    \n      \n    \n    \n      2 August 2023\n    \n    \n      \n    \n    \n      Coca-Cola Europacific Partners plc  today announces it has,...""}, {""date"": ""2023-08-02"", ""headline"": ""Coca-Cola Europacific Partners plc Announces Proposed Joint Acquisition of CCBPI"", ""summary"": ""CCEP's proposed acquisition of CCBPI, with AEV, one of the leading conglomerates in the local market, offers a great opportunity to co-acquire an established, well-run business with attractive profitability and growth prospects.""}, {""date"": ""2023-08-02"", ""headline"": ""Coca Cola Europacific Partners : H1 2023 Report Presentation"", ""summary"": ""Results for the Six Months Ended 30 June 2023*\n        \n        \n          2 August 2023\n        \n      \n      \n        \n          *Unaudited\n        \n      \n    \n    \n     ...""}, {""date"": ""2023-08-02"", ""headline"": ""Bottler CCEP Proposes Joint Acquisition Of Coca-Cola's Philippines Business For $1.8B"", ""summary"": ""Looking for stock market analysis and research with proves results? Zacks.com offers in-depth financial research with over 30years of proven results.""}, {""date"": ""2023-08-03"", ""headline"": ""Deutsche Bank Remains a Buy on Coca-Cola Europacific Partners (CCEP)"", ""summary"": ""Looking for stock market analysis and research with proves results? Zacks.com offers in-depth financial research with over 30years of proven results.""}, {""date"": ""2023-08-03"", ""headline"": ""Coca-Cola Europacific Partners PLC 2023 Q2 - Results - Earnings Call Presentation"", ""summary"": ""Looking for stock market analysis and research with proves results? Zacks.com offers in-depth financial research with over 30years of proven results.""}, {""date"": ""2023-08-03"", ""headline"": ""Kepler Capital  Remains a Hold on Coca-Cola Europacific Partners (CCEP)"", ""summary"": ""Looking for stock market analysis and research with proves results? Zacks.com offers in-depth financial research with over 30years of proven results.""}, {""date"": ""2023-08-03"", ""headline"": ""Analysts Have Conflicting Sentiments on These Consumer Goods Companies: Coca-Cola Europacific Partners (CCEP) and Clorox (CLX)"", ""summary"": ""Looking for stock market analysis and research with proves results? Zacks.com offers in-depth financial research with over 30years of proven results.""}, {""date"": ""2023-08-04"", ""headline"": ""Barclays Maintains Coca-Cola Europacific Partners (CCEP) Overweight Recommendation"", ""summary"": """"}]",{}
30,2023-08-06,62.4658203125,2023-08-13,63.27922821044922,0.013021647580708118,U2,"[{""date"": ""2023-08-11"", ""headline"": ""Coca Cola Europacific Partners : BlackRock Inc. - Coca-Cola Europacific Partners plc - Uxbridge"", ""summary"": ""BlackRock Inc. - Coca-Cola Europacific Partners plc - Uxbridge BlackRock Inc. - Coca-Cola Europacific Partners plc - Uxbridge Below you will find...""}]",{}
31,2023-08-13,63.27922821044922,2023-08-20,61.319210052490234,-0.030974116047062128,D4,"[{""date"": ""2023-08-14"", ""headline"": ""Coca-Cola Europacific Partners price target raised to EUR 68 at Credit Suisse"", ""summary"": ""Looking for stock market analysis and research with proves results? Zacks.com offers in-depth financial research with over 30years of proven results.""}, {""date"": ""2023-08-14"", ""headline"": ""Investment Guru Larry Robbins' Q2 2023 Portfolio Update"", ""summary"": ""Looking for stock market analysis and research with proves results? Zacks.com offers in-depth financial research with over 30years of proven results.""}, {""date"": ""2023-08-17"", ""headline"": ""Coca Cola Europacific Partners : BlackRock Inc. - Coca-Cola Europacific Partners plc - Uxbridge"", ""summary"": ""BlackRock Inc. - Coca-Cola Europacific Partners plc - Uxbridge BlackRock Inc. - Coca-Cola Europacific Partners plc - Uxbridge Below you will find...""}, {""date"": ""2023-08-17"", ""headline"": ""CCEP or BROS: Which Is the Better Value Stock Right Now?"", ""summary"": ""CCEP vs. BROS: Which Stock Is the Better Value Option?""}, {""date"": ""2023-08-18"", ""headline"": ""Interesting CCEP Put And Call Options For October 20th"", ""summary"": ""Looking for stock market analysis and research with proves results? Zacks.com offers in-depth financial research with over 30years of proven results.""}]",{}
32,2023-08-20,61.319210052490234,2023-08-27,62.21101760864258,0.014543689577686036,U2,[],{}
33,2023-08-27,62.21101760864258,2023-09-03,61.0742073059082,-0.018273456156686407,D2,"[{""date"": ""2023-09-01"", ""headline"": ""Coca Cola Europacific Partners : BlackRock Inc. - Coca-Cola Europacific Partners plc - Uxbridge"", ""summary"": ""BlackRock Inc. - Coca-Cola Europacific Partners plc - Uxbridge BlackRock Inc. - Coca-Cola Europacific Partners plc - Uxbridge Below you will find...""}, {""date"": ""2023-09-01"", ""headline"": ""Coca Cola Europacific Partners : Oferta P\u00fablica de Distribui\u00e7\u00e3o de a\u00e7\u00f5es reservada a trabalhadores da Coca-Cola Europacific Partners PLC - Documento Informativo (redigido em l\u00edngua inglesa)"", ""summary"": ""The Coca-Cola Europacific Partners plc Employee Share Purchase Plan Summary Coca-Cola Europacific Partners plc is launching a new global...""}, {""date"": ""2023-09-01"", ""headline"": ""Coca Cola Europacific Partners : Notification of transactions of persons discharging managerial responsibilities (\u201cPDMR\u201d) or persons closely associated with them (\u201cPCA\u201d) - Form 6-K"", ""summary"": ""Notification of transactions of persons discharging managerial responsibilities or persons closely associated with them ...""}]",{}
34,2023-09-03,61.0742073059082,2023-09-10,60.104000091552734,-0.01588571112345183,D2,"[{""date"": ""2023-09-04"", ""headline"": ""CCEP vs. BROS: Which Stock Is the Better Value Option?"", ""summary"": ""CCEP vs. BROS: Which Stock Is the Better Value Option?""}, {""date"": ""2023-09-07"", ""headline"": ""Coca Cola Europacific Partners : announces second partnership to explore CO\u2082 upcycling technology"", ""summary"": ""Coca-Cola Europacific Partners has today announced an investment into cutting-edge carbon conversion research, with the potential to create more sustainable packaging materials. ...""}, {""date"": ""2023-09-09"", ""headline"": ""Coca-Cola Europacific Partners: Outlook Just Got Brighter With The CCBPI Acquisition"", ""summary"": ""Looking for stock market analysis and research with proves results? Zacks.com offers in-depth financial research with over 30years of proven results.""}]",{}
35,2023-09-10,60.104000091552734,2023-09-17,61.34860610961914,0.0207075405325865,U3,"[{""date"": ""2023-09-15"", ""headline"": ""First Week of May 2024 Options Trading For Coca-Cola Europacific Partners (CCEP)"", ""summary"": ""Looking for stock market analysis and research with proves results? Zacks.com offers in-depth financial research with over 30years of proven results.""}]",{}
36,2023-09-17,61.34860610961914,2023-09-24,62.25021743774414,0.014696525076934641,U2,"[{""date"": ""2023-09-20"", ""headline"": ""CCEP or BROS: Which Is the Better Value Stock Right Now?"", ""summary"": ""CCEP vs. BROS: Which Stock Is the Better Value Option?""}, {""date"": ""2023-09-21"", ""headline"": ""Coca-Cola Europacific Vs. FEMSA: Which Bottler Is The Better Buy?"", ""summary"": ""CCEP is still attractively valued at 16x forward earnings and a yield just below 3%, given its continued growth trajectory. Click here to read more.""}]",{}
37,2023-09-24,62.25021743774414,2023-10-01,61.23100662231445,-0.016372807315074733,D2,[],{}
38,2023-10-01,61.23100662231445,2023-10-08,57.702972412109375,-0.05761842577514242,D5+,"[{""date"": ""2023-10-03"", ""headline"": ""Wall Street Analysts Are Bullish on Top Consumer Goods Picks"", ""summary"": ""Looking for stock market analysis and research with proves results? Zacks.com offers in-depth financial research with over 30years of proven results.""}, {""date"": ""2023-10-05"", ""headline"": ""$100 Invested In This Stock 15 Years Ago Would Be Worth $500 Today"", ""summary"": ""Looking for stock market analysis and research with proves results? Zacks.com offers in-depth financial research with over 30years of proven results.""}, {""date"": ""2023-10-06"", ""headline"": ""Kepler Capital  Keeps Their Hold Rating on Coca-Cola Europacific Partners (CCEP)"", ""summary"": ""Looking for stock market analysis and research with proves results? Zacks.com offers in-depth financial research with over 30years of proven results.""}]",{}
39,2023-10-08,57.702972412109375,2023-10-15,56.8405647277832,-0.014945637083769836,D2,"[{""date"": ""2023-10-09"", ""headline"": ""Evercore ISI Group Maintains Coca-Cola Europacific Partners (CCEP) Outperform Recommendation"", ""summary"": """"}, {""date"": ""2023-10-09"", ""headline"": ""Coca-Cola Europacific Partners price target lowered to $70 from $75 at Evercore"", ""summary"": ""Looking for stock market analysis and research with proves results? Zacks.com offers in-depth financial research with over 30years of proven results.""}, {""date"": ""2023-10-12"", ""headline"": ""Barclays Maintains Coca-Cola Europacific Partners (CCEP) Overweight Recommendation"", ""summary"": """"}, {""date"": ""2023-10-12"", ""headline"": ""Kepler Capital  Remains a Hold on Coca-Cola Europacific Partners (CCEP)"", ""summary"": ""Looking for stock market analysis and research with proves results? Zacks.com offers in-depth financial research with over 30years of proven results.""}, {""date"": ""2023-10-12"", ""headline"": ""Coca-Cola Europacific Partners price target lowered to $64 from $74 at Barclays"", ""summary"": ""Looking for stock market analysis and research with proves results? Zacks.com offers in-depth financial research with over 30years of proven results.""}, {""date"": ""2023-10-12"", ""headline"": ""What 4 Analyst Ratings Have To Say About Coca-Cola Europacific"", ""summary"": ""Looking for stock market analysis and research with proves results? Zacks.com offers in-depth financial research with over 30years of proven results.""}]",{}
40,2023-10-15,56.8405647277832,2023-10-22,55.978153228759766,-0.01517246535381267,D2,"[{""date"": ""2023-10-18"", ""headline"": ""Coca-Cola Europacific Partners: Brand Strength On Display"", ""summary"": ""Coca-Cola Europacific Partners' strong consumer brand portfolio and potential acquisition signal growth, while shares remain reasonably valued.""}, {""date"": ""2023-10-19"", ""headline"": ""Here's How Much $100 Invested In Coca-Cola Europacific 15 Years Ago Would Be Worth Today"", ""summary"": ""Looking for stock market analysis and research with proves results? Zacks.com offers in-depth financial research with over 30years of proven results.""}, {""date"": ""2023-10-21"", ""headline"": ""Fiduciary Management Q3 2023 Investment Strategy Outlook"", ""summary"": ""Global equity markets gave up some ground in Q2, and FMI gained on their respective core benchmarks in the period. Click here to read the full fund letter.""}]",{}
41,2023-10-22,55.978153228759766,2023-10-29,56.76216125488281,0.01400560720392341,U2,[],{}
42,2023-10-29,56.76216125488281,2023-11-05,59.26118850708008,0.04402628788174079,U5,"[{""date"": ""2023-10-31"", ""headline"": ""Coca-Cola European Partners declares EUR 1.17 dividend"", ""summary"": ""Looking for stock market analysis and research with proves results? Zacks.com offers in-depth financial research with over 30years of proven results.""}, {""date"": ""2023-11-01"", ""headline"": ""Analysts Have Conflicting Sentiments on These Consumer Goods Companies: Molson Coors (TAP) and Coca-Cola Europacific Partners (CCEP)"", ""summary"": ""Looking for stock market analysis and research with proves results? Zacks.com offers in-depth financial research with over 30years of proven results.""}, {""date"": ""2023-11-01"", ""headline"": ""Coca-Cola Europacific Partners Plc Announces Q3 Trading Update & Interim Dividend Declaration"", ""summary"": ""Trading update for the third quarter ended 29 September 2023 & Interim Dividend DeclarationUXBRIDGE, UK / ACCESSWIRE / November 1, 2023 / Solid performance, reaffirming FY guidanceChange vs 2022RevenueVolume(UC)[1]Revenue per UC[1],[2],[3]Comparable[2], ...""}, {""date"": ""2023-11-01"", ""headline"": ""Coca-Cola Europacific Partners raises payout amid higher revenue"", ""summary"": ""Looking for stock market analysis and research with proves results? Zacks.com offers in-depth financial research with over 30years of proven results.""}, {""date"": ""2023-11-01"", ""headline"": ""Coca-Cola Europacific Partners Revenue Grows Despite Lower Volumes"", ""summary"": ""By Najat Kantouar Coca-Cola Europacific Partners has reported a revenue growth for the third quarter despite a drop in volumes, reflecting strong...""}, {""date"": ""2023-11-02"", ""headline"": ""Coca-Cola Europacific price target raised to EUR 62 from EUR 61 at Barclays"", ""summary"": ""Looking for stock market analysis and research with proves results? Zacks.com offers in-depth financial research with over 30years of proven results.""}, {""date"": ""2023-11-02"", ""headline"": ""Analysts Offer Insights on Consumer Goods Companies: Glanbia (OtherGLAPF) and Coca-Cola Europacific Partners (CCEP)"", ""summary"": ""Looking for stock market analysis and research with proves results? Zacks.com offers in-depth financial research with over 30years of proven results.""}, {""date"": ""2023-11-02"", ""headline"": ""$100 Invested In This Stock 15 Years Ago Would Be Worth $600 Today"", ""summary"": ""Looking for stock market analysis and research with proves results? Zacks.com offers in-depth financial research with over 30years of proven results.""}, {""date"": ""2023-11-03"", ""headline"": ""Coca-Cola Europacific Partners price target raised to $66 from $64 at Barclays"", ""summary"": ""Looking for stock market analysis and research with proves results? Zacks.com offers in-depth financial research with over 30years of proven results.""}]",{}
43,2023-11-05,59.26118850708008,2023-11-12,59.56499099731445,0.005126500124075006,U1,"[{""date"": ""2023-11-10"", ""headline"": ""UK dividends calendar - next 7 days"", ""summary"": ""Looking for stock market analysis and research with proves results? Zacks.com offers in-depth financial research with over 30years of proven results.""}]",{}
44,2023-11-12,59.56499099731445,2023-11-19,60.08000183105469,0.008646200144031724,U1,"[{""date"": ""2023-11-14"", ""headline"": ""Coca-Cola Europacific Partners PLC's Dividend Analysis"", ""summary"": ""Looking for stock market analysis and research with proves results? Zacks.com offers in-depth financial research with over 30years of proven results.""}, {""date"": ""2023-11-14"", ""headline"": ""German competition authority starts proceedings against Coca-Cola EP"", ""summary"": ""Looking for stock market analysis and research with proves results? Zacks.com offers in-depth financial research with over 30years of proven results.""}, {""date"": ""2023-11-15"", ""headline"": ""UK dividends calendar - next 7 days"", ""summary"": ""Looking for stock market analysis and research with proves results? Zacks.com offers in-depth financial research with over 30years of proven results.""}]",{}
45,2023-11-19,60.08000183105469,2023-11-26,61.2400016784668,0.0193075867519783,U2,"[{""date"": ""2023-11-19"", ""headline"": ""Coca-Cola Europacific Agrees to Buy Coca-Cola Beverages Philippines in $1.8 Billion Deal"", ""summary"": ""By Joe Hoppe Coca-Cola Europacific Partners said it has reached a definitive agreement to jointly buy Coca-Cola Beverages Philippines, Inc., or CCBPI, from The Coca-Cola Company for $1.8...""}, {""date"": ""2023-11-19"", ""headline"": ""Coca-Cola Europacific Agrees to Buy Coca-Cola Beverages Philippines in $1.8 Bln Deal"", ""summary"": ""By Joe Hoppe Coca-Cola Europacific Partners said it has reached a definitive agreement to jointly buy Coca-Cola Beverages Philippines, Inc., or CCBPI, from...""}, {""date"": ""2023-11-19"", ""headline"": ""Coca-Cola Europacific to buy Coca-Cola Beverages Philippines in $1.8B deal"", ""summary"": ""Looking for stock market analysis and research with proves results? Zacks.com offers in-depth financial research with over 30years of proven results.""}, {""date"": ""2023-11-19"", ""headline"": ""Coca Cola Europacific Partners : CCEP announces it has, together with AEV, entered into a definitive agreement to jointly acquire Coca-Cola Beverages Philippines, Inc. (CCBPI) from The Coca-Cola Company"", ""summary"": ""Compelling strategic rationale The acquisition will build on CCEP's successful expansion into Australia, Pacific & Indonesia in 2021, further strengthening the partnership with...""}, {""date"": ""2023-11-20"", ""headline"": ""Coca-Cola Europacific (NASDAQ:CCEP) to Acquire Coca-Cola Philippines Unit in $1.8B Deal"", ""summary"": ""Looking for stock market analysis and research with proves results? Zacks.com offers in-depth financial research with over 30years of proven results.""}, {""date"": ""2023-11-20"", ""headline"": ""Coca-Cola Europacific Partners plc Announces Update re acquisition of CCBPI"", ""summary"": ""UXBRIDGE, ENGLAND / ACCESSWIRE / November 20, 2023 / Coca-Cola Europacific Partners plc (NASDAQ:CCEP)(LSE:CCEP) today announces it has, together with Aboitiz Equity Ventures Inc. (AEV), entered into a definitive agreement to jointly acquire Coca-Cola ...""}, {""date"": ""2023-11-20"", ""headline"": ""Coca-Cola Europacific confirms will jointly buy Philippines bottler"", ""summary"": ""Looking for stock market analysis and research with proves results? Zacks.com offers in-depth financial research with over 30years of proven results.""}, {""date"": ""2023-11-22"", ""headline"": ""Here's How Much You Would Have Made Owning Coca-Cola Europacific Stock In The Last 15 Years"", ""summary"": ""Looking for stock market analysis and research with proves results? Zacks.com offers in-depth financial research with over 30years of proven results.""}]",{}
46,2023-11-26,61.2400016784668,2023-12-03,60.33000183105469,-0.014859566010300806,D2,"[{""date"": ""2023-11-28"", ""headline"": ""Coca-Cola Europacific Partners price target raised to $77 from $72.50 at JPMorgan"", ""summary"": ""Looking for stock market analysis and research with proves results? Zacks.com offers in-depth financial research with over 30years of proven results.""}, {""date"": ""2023-11-28"", ""headline"": ""Coca-Cola Europacific Partners price target raised to EUR 70 at JPMorgan"", ""summary"": ""Looking for stock market analysis and research with proves results? Zacks.com offers in-depth financial research with over 30years of proven results.""}, {""date"": ""2023-11-30"", ""headline"": ""UK dividends calendar - next 7 days"", ""summary"": ""Looking for stock market analysis and research with proves results? Zacks.com offers in-depth financial research with over 30years of proven results.""}, {""date"": ""2023-12-01"", ""headline"": ""Here's How Much You Would Have Made Owning Coca-Cola Europacific Stock In The Last 15 Years"", ""summary"": ""Looking for stock market analysis and research with proves results? Zacks.com offers in-depth financial research with over 30years of proven results.""}, {""date"": ""2023-12-03"", ""headline"": ""Coca-Cola Europacific Partners Upgraded to Buy on Positive Growth and Strategic Value"", ""summary"": ""Looking for stock market analysis and research with proves results? Zacks.com offers in-depth financial research with over 30years of proven results.""}]",{}
47,2023-12-03,60.33000183105469,2023-12-10,63.40999984741211,0.051052509910119115,U5+,"[{""date"": ""2023-12-03"", ""headline"": ""Coca-Cola Europacific Partners upgraded to Buy from Neutral at Goldman Sachs"", ""summary"": ""Looking for stock market analysis and research with proves results? Zacks.com offers in-depth financial research with over 30years of proven results.""}, {""date"": ""2023-12-03"", ""headline"": ""Coca-Cola Europacific Partners Upgraded to Buy on Positive Growth and Strategic Value"", ""summary"": ""Looking for stock market analysis and research with proves results? Zacks.com offers in-depth financial research with over 30years of proven results.""}, {""date"": ""2023-12-04"", ""headline"": ""Goldman Sachs Upgrades Coca-Cola Europacific Partners (CCEP)"", ""summary"": """"}, {""date"": ""2023-12-04"", ""headline"": ""Coca-Cola Europacific upgraded at Goldman Sachs on valuation, volume"", ""summary"": ""Looking for stock market analysis and research with proves results? Zacks.com offers in-depth financial research with over 30years of proven results.""}, {""date"": ""2023-12-04"", ""headline"": ""What 4 Analyst Ratings Have To Say About Coca-Cola Europacific"", ""summary"": ""Looking for stock market analysis and research with proves results? Zacks.com offers in-depth financial research with over 30years of proven results.""}, {""date"": ""2023-12-05"", ""headline"": ""Coca-Cola Europacific Partners assumed with a Buy at UBS"", ""summary"": ""Looking for stock market analysis and research with proves results? Zacks.com offers in-depth financial research with over 30years of proven results.""}, {""date"": ""2023-12-06"", ""headline"": ""IN THE KNOW: UBS says glass half full for beverage firms in 2024"", ""summary"": ""Looking for stock market analysis and research with proves results? Zacks.com offers in-depth financial research with over 30years of proven results.""}, {""date"": ""2023-12-08"", ""headline"": ""Annual Changes to the Nasdaq-100 Index\u00ae"", ""summary"": ""NEW YORK, Dec. 08, 2023 (GLOBE NEWSWIRE) -- Nasdaq (Nasdaq: NDAQ) today announced the results of the annual reconstitution of the Nasdaq-100 Index\u00ae (Nasdaq: NDX), which will become effective prior to market open on Monday, December 18, 2023. The following six companies will be added to the Index: CDW Corporation (Nasdaq: CDW), Coca-Cola Europacific Partners plc (Nasdaq: CCEP), DoorDash, Inc. (Nasdaq: DASH), MongoDB, Inc. (Nasdaq: MDB), Roper Technologies, Inc. (Nasdaq: ROP), and Splunk Inc. (Nas""}, {""date"": ""2023-12-08"", ""headline"": ""Lucid, Zoom, eBay Among 6 Companies Ousted From Nasdaq 100 Index: What This Means For The Stocks"", ""summary"": ""Looking for stock market analysis and research with proves results? Zacks.com offers in-depth financial research with over 30years of proven results.""}]",{}
48,2023-12-10,63.40999984741211,2023-12-17,64.69000244140625,0.020186131478856728,U3,"[{""date"": ""2023-12-11"", ""headline"": ""LCID Stock Alert: Lucid Motor Drops Out of the Nasdaq 100"", ""summary"": ""Looking for stock market analysis and research with proves results? Zacks.com offers in-depth financial research with over 30years of proven results.""}, {""date"": ""2023-12-11"", ""headline"": ""Stocks to watch on Monday: moves sparked by Nasdaq 100 reconstitution, Oracle and more"", ""summary"": ""Looking for stock market analysis and research with proves results? Zacks.com offers in-depth financial research with over 30years of proven results.""}, {""date"": ""2023-12-11"", ""headline"": ""Nasdaq announces annual changes to Nasdaq-100 Index"", ""summary"": ""Looking for stock market analysis and research with proves results? Zacks.com offers in-depth financial research with over 30years of proven results.""}, {""date"": ""2023-12-11"", ""headline"": ""Zoom drops after getting the boot from Nasdaq 100"", ""summary"": ""Looking for stock market analysis and research with proves results? Zacks.com offers in-depth financial research with over 30years of proven results.""}, {""date"": ""2023-12-11"", ""headline"": ""MongoDB rises on Nasdaq 100 inclusion"", ""summary"": ""Looking for stock market analysis and research with proves results? Zacks.com offers in-depth financial research with over 30years of proven results.""}, {""date"": ""2023-12-12"", ""headline"": ""13 Attractively Valued Consumer Staples Stocks"", ""summary"": ""Looking for stock market analysis and research with proves results? Zacks.com offers in-depth financial research with over 30years of proven results.""}, {""date"": ""2023-12-14"", ""headline"": ""Coca Cola Europacific Partners : Directorate Change"", ""summary"": ""Coca-Cola Europacific Partners plc Coca-Cola Europacific Partners plc Below you will find information from the register publication of inside...""}]",{}
49,2023-12-17,64.69000244140625,2023-12-24,65.94000244140625,0.019322923988636553,U2,"[{""date"": ""2023-12-18"", ""headline"": ""IN BRIEF: Coca-Cola Europacific manager sells USD645,000 in shares"", ""summary"": ""Looking for stock market analysis and research with proves results? Zacks.com offers in-depth financial research with over 30years of proven results.""}, {""date"": ""2023-12-24"", ""headline"": ""Jefferies Remains a Buy on Coca-Cola Europacific Partners (CCEP)"", ""summary"": ""Looking for stock market analysis and research with proves results? Zacks.com offers in-depth financial research with over 30years of proven results.""}]",{}
50,2023-12-24,65.94000244140625,2023-12-31,66.73999786376953,0.012132171561172633,U2,"[{""date"": ""2023-12-24"", ""headline"": ""Jefferies Remains a Buy on Coca-Cola Europacific Partners (CCEP)"", ""summary"": ""Looking for stock market analysis and research with proves results? Zacks.com offers in-depth financial research with over 30years of proven results.""}, {""date"": ""2023-12-26"", ""headline"": ""Jefferies Keeps Their Buy Rating on Coca-Cola Europacific Partners (CCEP)"", ""summary"": ""Looking for stock market analysis and research with proves results? Zacks.com offers in-depth financial research with over 30years of proven results.""}, {""date"": ""2023-12-29"", ""headline"": ""Jefferies Sticks to Its Buy Rating for Coca-Cola Europacific Partners (CCEP)"", ""summary"": ""Looking for stock market analysis and research with proves results? Zacks.com offers in-depth financial research with over 30years of proven results.""}]",{}
51,2023-12-31,66.73999786376953,2024-01-07,64.61000061035156,-0.03191485348509815,D4,"[{""date"": ""2024-01-01"", ""headline"": ""My Top 10 High Yield Dividend Stocks For January 2024"", ""summary"": ""The top 10 stocks on the watchlist for January 2024 offer a 3.81% dividend yield, more than double the S&P 500. Find out what investors need to know.""}, {""date"": ""2024-01-03"", ""headline"": ""Analysts\u2019 Opinions Are Mixed on These Consumer Goods Stocks: Coca-Cola Europacific Partners (CCEP) and Nestl\u00e9 SA (OtherNSRGF)"", ""summary"": ""Looking for stock market analysis and research with proves results? Zacks.com offers in-depth financial research with over 30years of proven results.""}, {""date"": ""2024-01-07"", ""headline"": ""Coca-Cola Europacific Partners (CCEP) Receives a Buy from Jefferies"", ""summary"": ""Looking for stock market analysis and research with proves results? Zacks.com offers in-depth financial research with over 30years of proven results.""}]",{}
52,2024-01-07,64.61000061035156,2024-01-14,67.2300033569336,0.04055104042457258,U5,"[{""date"": ""2024-01-07"", ""headline"": ""Coca-Cola Europacific Partners (CCEP) Receives a Buy from Jefferies"", ""summary"": ""Looking for stock market analysis and research with proves results? Zacks.com offers in-depth financial research with over 30years of proven results.""}, {""date"": ""2024-01-11"", ""headline"": ""Coca-Cola Europacific Partners upgraded to Outperform at Exane BNP Paribas"", ""summary"": ""Looking for stock market analysis and research with proves results? Zacks.com offers in-depth financial research with over 30years of proven results.""}, {""date"": ""2024-01-11"", ""headline"": ""CCEP vs. KO: Which Stock Is the Better Value Option?"", ""summary"": ""CCEP vs. KO: Which Stock Is the Better Value Option?""}, {""date"": ""2024-01-12"", ""headline"": ""Coca-Cola Europacific Partners price target raised by $8 at Barclays, here's why"", ""summary"": ""Looking for stock market analysis and research with proves results? Zacks.com offers in-depth financial research with over 30years of proven results.""}]",{}
53,2024-01-14,67.2300033569336,2024-01-21,66.56999969482422,-0.009817099942793783,D1,"[{""date"": ""2024-01-15"", ""headline"": ""Are Consumer Staples Stocks Lagging  Coca-Cola Europacific Partners (CCEP) This Year?"", ""summary"": ""Here is how Coca-Cola European (CCEP) and New York Times Co. (NYT) have performed compared to their sector so far this year.""}]",{}
