prompt,answer
"[Company Introduction]:

Travelers Companies Inc is a leading entity in the Insurance sector. Incorporated and publicly traded since 1980-03-17, the company has established its reputation as one of the key players in the market. As of today, Travelers Companies Inc has a market capitalization of 48870.63 in USD, with 228.40 shares outstanding.

Travelers Companies Inc operates primarily in the US, trading under the ticker TRV on the NEW YORK STOCK EXCHANGE, INC.. As a dominant force in the Insurance space, the company continues to innovate and drive progress within the industry.

From 2023-01-08 to 2023-01-15, TRV's stock price increased from 189.52 to 189.57. Company news during this period are listed below:

No relative news reported.
Some recent basic financials of TRV, reported on 2022-12-31, are presented below:

[Basic Financials]:

bookValue: 21560
cashRatio: 0.21617965367965367
ev: 50430.8
fcfPerShareTTM: 27.8544
longtermDebtTotalAsset: 0.0622
longtermDebtTotalCapital: 0.2493
longtermDebtTotalEquity: 0.3336
netDebtToTotalCapital: 0.225
netDebtToTotalEquity: 0.3012
payoutRatioTTM: 0.3079
pb: 2.0379
peTTM: 15.4602
pfcfTTM: 6.7963
ptbv: 2.0654
roaTTM: 0.0244
roeTTM: 0.1265
roicTTM: 0.0955
rotcTTM: 0.1249
tangibleBookValue: 21273
totalDebtToEquity: 0.3382
totalDebtToTotalAsset: 0.063
totalDebtToTotalCapital: 0.2527
totalRatio: 1.229

Based on all the information before 2023-01-15, let's first analyze the positive developments and potential concerns for TRV. Come up with 2-4 most important factors respectively and keep them concise. Most factors should be inferred from company related news. Then let's assume your prediction for next week (2023-01-15 to 2023-01-22) is down by 4-5%. Provide a summary analysis to support your prediction. The prediction result need to be inferred from your analysis at the end, and thus not appearing as a foundational factor of your analysis.","[Positive Developments]:
1. Healthy financial ratios: Travelers Companies Inc. has maintained healthy financial metrics. Its payout ratio is manageable at 30.79%, and its return on equity (ROE) is solid at 12.65%, illustrating efficiency in using investor's equity. 
2. Strengthened Book Value: The total tangible assets that stakeholders would theoretically receive if the company were to liquidate increased, with a reported book value of 21560.

[Potential Concerns]:
1. Lack of News: There were no significant news reported about the company in the reviewed period. This absence of positive announcements could potentially lead to reduced investor interest.
2. High Debt Ratio: Travelers Companies Inc.'s total debt to equity ratio is relatively high at 33.82%, which could pose long-term risk if the company fails to manage its debts effectively. 

[Prediction & Analysis]:

The bearish prediction for TRV's performance over the next week (2023-01-15 to 2023-01-22) is primarily predicated on the company's elevated debt ratio, which may fuel investor concerns over the potential for financial distress. Moreover, the absence of recent news may temper investor interest and contribute to fluctuating stock price.

While the company's impressive book value and solid financial ratios attest to its more robust facets, these factors might be overshadowed by the aforementioned concerns, thus culminating in a 4-5% decrease in the stock price over the upcoming week. However, the long-term outlook could shift significantly based on the company's ability to manage its relatively high debt load and generate positive news to attract investor attention once again.
"
"[Company Introduction]:

Travelers Companies Inc is a leading entity in the Insurance sector. Incorporated and publicly traded since 1980-03-17, the company has established its reputation as one of the key players in the market. As of today, Travelers Companies Inc has a market capitalization of 48870.63 in USD, with 228.40 shares outstanding.

Travelers Companies Inc operates primarily in the US, trading under the ticker TRV on the NEW YORK STOCK EXCHANGE, INC.. As a dominant force in the Insurance space, the company continues to innovate and drive progress within the industry.

From 2023-01-15 to 2023-01-22, TRV's stock price decreased from 189.57 to 181.18. Company news during this period are listed below:

No relative news reported.
[Basic Financials]:

No basic financial reported.

Based on all the information before 2023-01-22, let's first analyze the positive developments and potential concerns for TRV. Come up with 2-4 most important factors respectively and keep them concise. Most factors should be inferred from company related news. Then let's assume your prediction for next week (2023-01-22 to 2023-01-29) is up by 1-2%. Provide a summary analysis to support your prediction. The prediction result need to be inferred from your analysis at the end, and thus not appearing as a foundational factor of your analysis.","[Positive Developments]:
1. No major negative public news about the company in the recent period, suggesting that no abrupt or unpredictable events are causing major crises for the company.
2. As an established entity in the Insurance sector, Travelers Companies Inc has strong market capitalization and a solid foundation even in times of market volatility.

[Potential Concerns]:
1. Despite no reported negative news in the public domain, the stock price has recently dropped from 189.57 to 181.18. The underlying financials or market sentiment could be contributing to this downward trend.
2. Absence of basic financial data may signal a lack of transparency or issues in financial reporting, which could potentially concern investors.

[Prediction & Analysis]:

Although the stock price has seen a decrease in the past week, it might be inferred from an overall market trend rather than direct company performance. It's crucial to recognize that no negative company-specific news has been reported, and Travelers Companies Inc still maintains a substantial market capitalization, indicating its resilience. The absence of basic financial data can raise concerns, but this could simply be a case of lagged reporting. Looking ahead to the following week, expecting a minor recovery of 1-2% seems reasonable. This prediction is based on the company's solid position in the sector and the expectation that investors may recognize the price drop as a buying opportunity, supporting a rebound in the stock's price."
"[Company Introduction]:

Travelers Companies Inc is a leading entity in the Insurance sector. Incorporated and publicly traded since 1980-03-17, the company has established its reputation as one of the key players in the market. As of today, Travelers Companies Inc has a market capitalization of 48870.63 in USD, with 228.40 shares outstanding.

Travelers Companies Inc operates primarily in the US, trading under the ticker TRV on the NEW YORK STOCK EXCHANGE, INC.. As a dominant force in the Insurance space, the company continues to innovate and drive progress within the industry.

From 2023-01-22 to 2023-01-29, TRV's stock price increased from 181.18 to 184.53. Company news during this period are listed below:

No relative news reported.
[Basic Financials]:

No basic financial reported.

Based on all the information before 2023-01-29, let's first analyze the positive developments and potential concerns for TRV. Come up with 2-4 most important factors respectively and keep them concise. Most factors should be inferred from company related news. Then let's assume your prediction for next week (2023-01-29 to 2023-02-05) is down by 3-4%. Provide a summary analysis to support your prediction. The prediction result need to be inferred from your analysis at the end, and thus not appearing as a foundational factor of your analysis.","[Positive Developments]:
1. TRV's stock price has shown a steady increase over the past week.
2. The company maintains a strong market position within the Insurance sector.

[Potential Concerns]:
1. Lack of recent company-specific news could mean potential investors are hesitant to invest due to lack of transparency.
2. No recent financial data has been reported, casting uncertainty over the company's current financial health.

[Prediction & Analysis]:

Despite the steady growth seen in the past week, TRV's lack of news or updates creates a cloud of uncertainty that could drive potential investors away. Furthermore, the lack of reported basic financials in recent times could create concern about the company's current fiscal stability. This uncertainty and concern among investors have the potential to weaken the demand for TRV's stocks, leading to a downward pressure on the stock price. Therefore, based on these assessments, I predict that the stock price may witness a downtrend of about 3-4% in the upcoming week. Regular updates on the company's performance and future prospects are key to maintaining investor trust and keeping the market well-informed. This will have a direct impact on stock price stability."
"[Company Introduction]:

Travelers Companies Inc is a leading entity in the Insurance sector. Incorporated and publicly traded since 1980-03-17, the company has established its reputation as one of the key players in the market. As of today, Travelers Companies Inc has a market capitalization of 48870.63 in USD, with 228.40 shares outstanding.

Travelers Companies Inc operates primarily in the US, trading under the ticker TRV on the NEW YORK STOCK EXCHANGE, INC.. As a dominant force in the Insurance space, the company continues to innovate and drive progress within the industry.

From 2023-01-29 to 2023-02-05, TRV's stock price decreased from 184.53 to 178.66. Company news during this period are listed below:

No relative news reported.
[Basic Financials]:

No basic financial reported.

Based on all the information before 2023-02-05, let's first analyze the positive developments and potential concerns for TRV. Come up with 2-4 most important factors respectively and keep them concise. Most factors should be inferred from company related news. Then let's assume your prediction for next week (2023-02-05 to 2023-02-12) is up by 2-3%. Provide a summary analysis to support your prediction. The prediction result need to be inferred from your analysis at the end, and thus not appearing as a foundational factor of your analysis.","[Positive Developments]:
1. Absence of negative news: There were no significant reported negative developments or news over the past week relating to the company, suggesting stable operations.
2. Industry leader: Travelers is one of the dominant forces in the insurance sector, which might give them an edge over competitors. Their strong reputation and customer base can offer a level of resilience to market fluctuations.

[Potential Concerns]:
1. Decrease in stock value: Travelers' stock price has decreased from 184.53 to 178.66 over the past week, indicating a downward trend that may concern investors.
2. Lack of actionable financial data: Without access to recent basic financials, it's challenging to form a comprehensive outlook on company's financial health which may lead to market speculation, impacting the share value.

[Prediction & Analysis]:

Despite the recent dip, the lack of negative news coupled with the company's position in the market could mitigate downward pressures in the short term. My prediction for the upcoming week is a modest rebound by 2-3%. This is based on the assumption that the downward movement in the last week was a small correction, rather than indicative of deeper systemic issues. However, the lack of financial data presents a risk to this prediction and underscores the need for investors to monitor the company's fiscal health carefully. It would also be essential to consider ongoing market conditions which might indirectly impact the stock's performance. In the absence of any significant negative news in the coming week, it's feasible that the company's share price may experience a modest recovery."
"[Company Introduction]:

Travelers Companies Inc is a leading entity in the Insurance sector. Incorporated and publicly traded since 1980-03-17, the company has established its reputation as one of the key players in the market. As of today, Travelers Companies Inc has a market capitalization of 48870.63 in USD, with 228.40 shares outstanding.

Travelers Companies Inc operates primarily in the US, trading under the ticker TRV on the NEW YORK STOCK EXCHANGE, INC.. As a dominant force in the Insurance space, the company continues to innovate and drive progress within the industry.

From 2023-01-22 to 2023-01-29, TRV's stock price increased from 181.18 to 184.53. Company news during this period are listed below:

No relative news reported.
From 2023-01-29 to 2023-02-05, TRV's stock price decreased from 184.53 to 178.66. Company news during this period are listed below:

No relative news reported.
From 2023-02-05 to 2023-02-12, TRV's stock price increased from 178.66 to 182.56. Company news during this period are listed below:

No relative news reported.
[Basic Financials]:

No basic financial reported.

Based on all the information before 2023-02-12, let's first analyze the positive developments and potential concerns for TRV. Come up with 2-4 most important factors respectively and keep them concise. Most factors should be inferred from company related news. Then let's assume your prediction for next week (2023-02-12 to 2023-02-19) is down by 0-1%. Provide a summary analysis to support your prediction. The prediction result need to be inferred from your analysis at the end, and thus not appearing as a foundational factor of your analysis.","[Positive Developments]:
1. Despite having periods of decrease, the overall trend for Travelers Companies Inc's stock price seems to be positive, showing a general resilience and ability to rebound.
2. The lack of negative company news suggests that Travelers Companies Inc is maintaining a steady operational performance, without any major disruptions or issues which could negatively affect its stocks.

[Potential Concerns]:
1. No significant company news might suggest a lack of strategic developments, which could lead to investor indifference and lack of buying interest.
2. Itï¿½s concerning that there is no basic financials reported, as this prevents any substantial financial health analysis of the company.

[Prediction & Analysis]:

During the past three weeks, the stock price movement of Travelers Companies Inc. has shown no coherent correlation with specific company news, as there were none reported. However, it's noticeable that despite periods of decrease, the stock price tends to bounce back, which points to a degree of resilience.

Nevertheless, the absence of company news could also reflect a lack of proactive growth initiatives, which might restrain its potential for substantial price increases in the future. Investors often look for strategic growth initiatives as catalysts for further stock appreciation.

Moreover, the unavailability of basic financials stirs concerns about the financial health of the company, which can be a deterring factor for potential investors.

Considering these factors, we might foresee a slight downward movement in the stock price for the next week (2023-02-12 to 2023-02-19), possibly in the range of 0%-1%. The resilience of the stock price may prevent a substantial dip, however, without any positive news catalysts and lack of financial transparency, some downward adjustment can be expected. This prediction is primarily based on the company's recent performance and the current market conditions, and is subject to change if any significant company-related updates occur."
"[Company Introduction]:

Travelers Companies Inc is a leading entity in the Insurance sector. Incorporated and publicly traded since 1980-03-17, the company has established its reputation as one of the key players in the market. As of today, Travelers Companies Inc has a market capitalization of 48870.63 in USD, with 228.40 shares outstanding.

Travelers Companies Inc operates primarily in the US, trading under the ticker TRV on the NEW YORK STOCK EXCHANGE, INC.. As a dominant force in the Insurance space, the company continues to innovate and drive progress within the industry.

From 2023-01-29 to 2023-02-05, TRV's stock price decreased from 184.53 to 178.66. Company news during this period are listed below:

No relative news reported.
From 2023-02-05 to 2023-02-12, TRV's stock price increased from 178.66 to 182.56. Company news during this period are listed below:

No relative news reported.
From 2023-02-12 to 2023-02-19, TRV's stock price decreased from 182.56 to 181.59. Company news during this period are listed below:

No relative news reported.
[Basic Financials]:

No basic financial reported.

Based on all the information before 2023-02-19, let's first analyze the positive developments and potential concerns for TRV. Come up with 2-4 most important factors respectively and keep them concise. Most factors should be inferred from company related news. Then let's assume your prediction for next week (2023-02-19 to 2023-02-26) is down by 0-1%. Provide a summary analysis to support your prediction. The prediction result need to be inferred from your analysis at the end, and thus not appearing as a foundational factor of your analysis.","[Positive Developments]:
1. TRV has been showing an overall increase in its stock price over the weeks, indicating steady growth.
2. Despite minor fluctuations, there is no report of significant negative company news or fundamental issues potentially affecting the company's operations or market position.

[Potential Concerns]:
1. There is a lack of reported relevant company news which may point to a lack of transparency or significant developments, potentially impacting investor interest.
2. The slight dip in stock price in the week of 2023-02-12 to 2023-02-19 may indicate a possible downward trend, even though it is not substantial.

[Prediction & Analysis]:
While TRV's overall outlook seems stable, the lack of reported company news or latest financials could sway investor sentiment. The minor dip in stock price for the week ending 19th of February 2023 may indicate a cautious market sentiment affecting TRV's stock. Keeping this in mind, it can be inferred that the upcoming week (19th to 26th February 2023) might witness a slight downward movement in the range of 0-1%. It is always beneficial to keep track of the company's news, activities, and financials for conducting a well-informed investment decision."
"[Company Introduction]:

Travelers Companies Inc is a leading entity in the Insurance sector. Incorporated and publicly traded since 1980-03-17, the company has established its reputation as one of the key players in the market. As of today, Travelers Companies Inc has a market capitalization of 48870.63 in USD, with 228.40 shares outstanding.

Travelers Companies Inc operates primarily in the US, trading under the ticker TRV on the NEW YORK STOCK EXCHANGE, INC.. As a dominant force in the Insurance space, the company continues to innovate and drive progress within the industry.

From 2023-02-19 to 2023-02-26, TRV's stock price decreased from 181.59 to 181.18. Company news during this period are listed below:

No relative news reported.
[Basic Financials]:

No basic financial reported.

Based on all the information before 2023-02-26, let's first analyze the positive developments and potential concerns for TRV. Come up with 2-4 most important factors respectively and keep them concise. Most factors should be inferred from company related news. Then let's assume your prediction for next week (2023-02-26 to 2023-03-05) is down by 0-1%. Provide a summary analysis to support your prediction. The prediction result need to be inferred from your analysis at the end, and thus not appearing as a foundational factor of your analysis.","[Positive Developments]:
1. Dominance in Insurance Sector: As a leading player in the Insurance sector, Travelers Companies Inc has the financial strength and experience to mitigate industry-related risks and capitalize on potential growth opportunities.
2. Stable Market Capitalization: With a market capitalization of $48,870.63, the company has been maintaining a stable market presence.

[Potential Concerns]:
1. No Company-related News: The lack of company-specific news over the past week could be indicative of lower visibility or activity, which may lead to investors' concerns about its short-term growth prospect.
2. Decrease in Stock Price: The minor decrease in stock price from $181.59 to $181.18 suggests that there may be a lack of investor confidence in its immediate performance.

[Prediction & Analysis]:
Based on the lack of notable company-specific news, combined with the recent slight dip in stock price, TRV's stock performance might experience a slight downtrend in the upcoming week. However, given its position in the insurance sector and its stable market capitalization, the downward shift should not be significant. It is predicted that the stock price might decrease by 0-1% in the following week, highlighting a period of potential consolidation before any notable growth streaks. Investors are advised to closely monitor any forthcoming news about the company for indicators of future performance trend."
"[Company Introduction]:

Travelers Companies Inc is a leading entity in the Insurance sector. Incorporated and publicly traded since 1980-03-17, the company has established its reputation as one of the key players in the market. As of today, Travelers Companies Inc has a market capitalization of 48870.63 in USD, with 228.40 shares outstanding.

Travelers Companies Inc operates primarily in the US, trading under the ticker TRV on the NEW YORK STOCK EXCHANGE, INC.. As a dominant force in the Insurance space, the company continues to innovate and drive progress within the industry.

From 2023-02-12 to 2023-02-19, TRV's stock price decreased from 182.56 to 181.59. Company news during this period are listed below:

No relative news reported.
From 2023-02-19 to 2023-02-26, TRV's stock price decreased from 181.59 to 181.18. Company news during this period are listed below:

No relative news reported.
From 2023-02-26 to 2023-03-05, TRV's stock price decreased from 181.18 to 179.47. Company news during this period are listed below:

No relative news reported.
[Basic Financials]:

No basic financial reported.

Based on all the information before 2023-03-05, let's first analyze the positive developments and potential concerns for TRV. Come up with 2-4 most important factors respectively and keep them concise. Most factors should be inferred from company related news. Then let's assume your prediction for next week (2023-03-05 to 2023-03-12) is down by 3-4%. Provide a summary analysis to support your prediction. The prediction result need to be inferred from your analysis at the end, and thus not appearing as a foundational factor of your analysis.","[Positive Developments]:
1. The company's stock price has remained relatively stable over the past few weeks despite micro fluctuations, reflecting a robust steady-state situation.
2. In the absence of any financial or major corporate news, the stability of TRV's stock price indicates strong market confidence in the company's performance and prospects.

[Potential Concerns]:
1. The mild downward trend in stock price over the past three weeks may suggest the onset of a negative trend, although no significant news has been reported for the period. 
2. The absence of basic financial reports or relevant news might make it difficult for investors to assess the company's actual performance and future prospects accurately, potentially leading to uncertainty and speculation.

[Prediction & Analysis]:
Considering the mild but consistent decline in TRV's share price over the past few weeks, it can be inferred that the market might be expecting some adverse developments or simply readjusting to the insurers' projected performance. The absence of financial data further adds to the ambiguity and might potentially lead to a slight overreaction from the market due to assumptions or conjecture. Hence, it is predicted that TRV's stock price may continue its downward trajectory in the next week, possibly a decrease in the range of 3-4%. As always, developments in the financial market and major corporate news should be observed closely for more accurate forecasting."
"[Company Introduction]:

Travelers Companies Inc is a leading entity in the Insurance sector. Incorporated and publicly traded since 1980-03-17, the company has established its reputation as one of the key players in the market. As of today, Travelers Companies Inc has a market capitalization of 48870.63 in USD, with 228.40 shares outstanding.

Travelers Companies Inc operates primarily in the US, trading under the ticker TRV on the NEW YORK STOCK EXCHANGE, INC.. As a dominant force in the Insurance space, the company continues to innovate and drive progress within the industry.

From 2023-02-12 to 2023-02-19, TRV's stock price decreased from 182.56 to 181.59. Company news during this period are listed below:

No relative news reported.
From 2023-02-19 to 2023-02-26, TRV's stock price decreased from 181.59 to 181.18. Company news during this period are listed below:

No relative news reported.
From 2023-02-26 to 2023-03-05, TRV's stock price decreased from 181.18 to 179.47. Company news during this period are listed below:

No relative news reported.
From 2023-03-05 to 2023-03-12, TRV's stock price decreased from 179.47 to 172.65. Company news during this period are listed below:

No relative news reported.
[Basic Financials]:

No basic financial reported.

Based on all the information before 2023-03-12, let's first analyze the positive developments and potential concerns for TRV. Come up with 2-4 most important factors respectively and keep them concise. Most factors should be inferred from company related news. Then let's assume your prediction for next week (2023-03-12 to 2023-03-19) is down by more than 5%. Provide a summary analysis to support your prediction. The prediction result need to be inferred from your analysis at the end, and thus not appearing as a foundational factor of your analysis.","[Positive Developments]:
1. The company has a strong market capitalization, reflecting investor confidence and a substantive value proposition.
2. As a leading entity in the Insurance sector, TRV presumably has a broad consumer base and established partnerships, which should help buffer against downturns.

[Potential Concerns]:
1. The stock prices have been consistently decreasing over the past month without any significant company news. This could signify broader market dynamics impacting the company, such as industry-wide concerns or economic uncertainties.
2. There's a lack of recent news or developments associated with the company, which may indicate a lack of growth initiatives or impactful events to stimulate investor interest and confidence.
3. The absence of basic financial reported is a concern, as it prevents a comprehensive understanding of the company's financial health.

[Prediction & Analysis]:
Given the company's consistently decreasing stock prices over multiple weeks, it seems reasonable to predict a significant downward movement in the company's stock for the upcoming week. Despite its high market cap and established presence, TRV has been unable to reverse the trend or stimulate renewed investor excitement without any visible company news or positive developments. Moreover, a lack of basic financials increases uncertainty around the financial health of the company, which likely contributes to investor concerns and potentially exacerbates the downward trend. As a result, I predict TRV's stock price will further decrease by more than 5% from 2023-03-12 to 2023-03-19."
"[Company Introduction]:

Travelers Companies Inc is a leading entity in the Insurance sector. Incorporated and publicly traded since 1980-03-17, the company has established its reputation as one of the key players in the market. As of today, Travelers Companies Inc has a market capitalization of 48870.63 in USD, with 228.40 shares outstanding.

Travelers Companies Inc operates primarily in the US, trading under the ticker TRV on the NEW YORK STOCK EXCHANGE, INC.. As a dominant force in the Insurance space, the company continues to innovate and drive progress within the industry.

From 2023-03-05 to 2023-03-12, TRV's stock price decreased from 179.47 to 172.65. Company news during this period are listed below:

No relative news reported.
From 2023-03-12 to 2023-03-19, TRV's stock price decreased from 172.65 to 162.18. Company news during this period are listed below:

No relative news reported.
[Basic Financials]:

No basic financial reported.

Based on all the information before 2023-03-19, let's first analyze the positive developments and potential concerns for TRV. Come up with 2-4 most important factors respectively and keep them concise. Most factors should be inferred from company related news. Then let's assume your prediction for next week (2023-03-19 to 2023-03-26) is down by 0-1%. Provide a summary analysis to support your prediction. The prediction result need to be inferred from your analysis at the end, and thus not appearing as a foundational factor of your analysis.","[Positive Developments]:
1. Despite no reported news in the last two weeks, the company has historically proven its strong footing in the industry across several years, indicating robustness.
2. No negative news has surfaced, which could have been a potential source of negative sentiment amongst investors. 

[Potential Concerns]:
1. The company's stock price has been on a downward trend over the past weeks, which can create a sense of unease among investors.
2. The absence of recent company news may suggest a lack of transparency or stagnation in terms of new developments or positive changes.

[Prediction & Analysis]:

Considering the recent uninterrupted downward trend in the TRV stock price, it appears that there is a lack of confidence among investors. No recent news or statements from the company have been released to bolster investor optimism. The absence of financial data also makes it hard to examine the situation closely. This lack of transparency may contribute to the continued downward pressure on the stock.

In light of these factors, it can be expected that investors' sentiment may remain weak in the upcoming week, leading to a potentially mild downward movement in the stock price, predicted to be around 0-1% decrease. However, in the long run, the company has a strong history and solid reputation in the market, which may lend it more stability in the event of a market rebound or other favorable conditions."
"[Company Introduction]:

Travelers Companies Inc is a leading entity in the Insurance sector. Incorporated and publicly traded since 1980-03-17, the company has established its reputation as one of the key players in the market. As of today, Travelers Companies Inc has a market capitalization of 48870.63 in USD, with 228.40 shares outstanding.

Travelers Companies Inc operates primarily in the US, trading under the ticker TRV on the NEW YORK STOCK EXCHANGE, INC.. As a dominant force in the Insurance space, the company continues to innovate and drive progress within the industry.

From 2023-03-05 to 2023-03-12, TRV's stock price decreased from 179.47 to 172.65. Company news during this period are listed below:

No relative news reported.
From 2023-03-12 to 2023-03-19, TRV's stock price decreased from 172.65 to 162.18. Company news during this period are listed below:

No relative news reported.
From 2023-03-19 to 2023-03-26, TRV's stock price decreased from 162.18 to 162.06. Company news during this period are listed below:

No relative news reported.
Some recent basic financials of TRV, reported on 2023-03-31, are presented below:

[Basic Financials]:

bookValue: 23052
cashRatio: 0.20634920634920634
ev: 46120.71
fcfPerShareTTM: 26.8874
longtermDebtTotalAsset: 0.0608
longtermDebtTotalCapital: 0.237
longtermDebtTotalEquity: 0.312
netDebtToTotalCapital: 0.215
netDebtToTotalEquity: 0.2831
payoutRatioTTM: 0.3133
pb: 1.7177
peTTM: 14.1464
pfcfTTM: 6.3751
ptbv: 1.7392
roaTTM: 0.0241
roeTTM: 0.1281
roicTTM: 0.0961
rotcTTM: 0.1189
tangibleBookValue: 22767
totalDebtToEquity: 0.3163
totalDebtToTotalAsset: 0.0616
totalDebtToTotalCapital: 0.2403
totalRatio: 1.2419

Based on all the information before 2023-03-26, let's first analyze the positive developments and potential concerns for TRV. Come up with 2-4 most important factors respectively and keep them concise. Most factors should be inferred from company related news. Then let's assume your prediction for next week (2023-03-26 to 2023-04-02) is up by 3-4%. Provide a summary analysis to support your prediction. The prediction result need to be inferred from your analysis at the end, and thus not appearing as a foundational factor of your analysis.","[Positive Developments]:
1. Even though Travelers Companies' stock price shows a down trend in the past weeks, its standardized Price/Earnings ratio (P/E ratio) is 14.14, which indicates that the market might slightly undervalue the company's shares.
2. The Free-Cash-Flow per Share (FCF per Share) TTM of 26.88 also demonstrates the financial health of Travelers Companies with good cash generating ability.
3. In terms of long-term debt, Travelers Companies shows a low long-term debt to total asset ratio of 0.06.
4. The company's Return on Equity (ROE) is 0.13, indicating that the company is effective at generating returns on its shareholder investments.

[Potential Concerns]:
1. The company has a relatively high longtermDebtTotalEquity of 0.312, implying that the company might have financial risks associated with its long-term liabilities.
2. There were no any new company announcements or news over the recent week, which leaves the stock momentum merely driven by the market trends.
3. A lack of significant news or company developments also poses a possible concern regarding its limited capability to counteract the current negative stock price momentum.
 
[Prediction & Analysis]:
Based on the analysis above, it is clear that Travelers Companies is a fundamentally strong company. Given the solid P/E ratio and high free-cash-flow per share, these speak about its overall financial health. Moreover, the low long-term debt to total asset ratio suggests a sustainable debt situation.

However, the current downtrend in the stock price is a concerning sign, and the absence of any concrete company news or announcements may keep investors wary and limit the upward momentum. Despite this, the fundamentals of the company remain robust, and it is this strength that may attract long-term investors, thereby driving the price up by 3-4% by the coming week. 

Therefore, it's important to remember that stock prices fluctuate due to various market forces and investor sentiments but the fundamentals of the company remain crucial for long-term investment decisions."
"[Company Introduction]:

Travelers Companies Inc is a leading entity in the Insurance sector. Incorporated and publicly traded since 1980-03-17, the company has established its reputation as one of the key players in the market. As of today, Travelers Companies Inc has a market capitalization of 48870.63 in USD, with 228.40 shares outstanding.

Travelers Companies Inc operates primarily in the US, trading under the ticker TRV on the NEW YORK STOCK EXCHANGE, INC.. As a dominant force in the Insurance space, the company continues to innovate and drive progress within the industry.

From 2023-03-26 to 2023-04-02, TRV's stock price increased from 162.06 to 168.45. Company news during this period are listed below:

No relative news reported.
Some recent basic financials of TRV, reported on 2023-03-31, are presented below:

[Basic Financials]:

bookValue: 23052
cashRatio: 0.20634920634920634
ev: 46120.71
fcfPerShareTTM: 26.8874
longtermDebtTotalAsset: 0.0608
longtermDebtTotalCapital: 0.237
longtermDebtTotalEquity: 0.312
netDebtToTotalCapital: 0.215
netDebtToTotalEquity: 0.2831
payoutRatioTTM: 0.3133
pb: 1.7177
peTTM: 14.1464
pfcfTTM: 6.3751
ptbv: 1.7392
roaTTM: 0.0241
roeTTM: 0.1281
roicTTM: 0.0961
rotcTTM: 0.1189
tangibleBookValue: 22767
totalDebtToEquity: 0.3163
totalDebtToTotalAsset: 0.0616
totalDebtToTotalCapital: 0.2403
totalRatio: 1.2419

Based on all the information before 2023-04-02, let's first analyze the positive developments and potential concerns for TRV. Come up with 2-4 most important factors respectively and keep them concise. Most factors should be inferred from company related news. Then let's assume your prediction for next week (2023-04-02 to 2023-04-09) is down by 0-1%. Provide a summary analysis to support your prediction. The prediction result need to be inferred from your analysis at the end, and thus not appearing as a foundational factor of your analysis.","[Positive Developments]:
1. The Travellers Companies Inc. currently has a solid financial structure as indicated by its positive ratios. The total debt to equity ratio stands at 0.3163 which shows strength as compared to many of its peers.
2. The company's ability to generate Free Cash Flow per share (26.8874) indicates the company's potential ability to reinvest, pay down debt, and return capital to shareholders.

[Potential Concerns]:
1. The cash ratio of 0.2063, which shows the company's ability to clear its short-term liabilities with cash and cash equivalents alone, could indicate that it might face difficulty to clear off its obligations as compared to the industry peers.
2. The Return on Assets (ROA) TTM and the Return on Equity (ROE) TTM are relatively lower when compared to the sector's average, indicating a potential inefficiency in managing assets and equity respectively.

[Prediction & Analysis]:

Despite having robust financials, Travelers Companies Inc's stock may see a slight dip in the coming week, predicted to be around a 0-1% decrease. The reason for this slight orchestration can be attributed to a couple of financial factors. The company's low cash ratio, in comparison to industry standards, may lead investors to question its liquidity position and this could potentially create a temporary decrease in buyer demand. Similarly, disappointing ROA and ROE metrics may raise concerns on the firm's operational and financial efficiency respectively. 

All these factors might lead to an air of caution resulting in the predicted decline in price. However, the strong Free Cash Flow per share and modest debt to equity ratio implies a strong inherent strength in the company's financials and as such, the dip is likely to be of a temporary nature within the predicted period. The company's intrinsic value doesn't seem to be compromised. Therefore, the prediction for next week's performance doesn't indicate a long-term downward trend."
"[Company Introduction]:

Travelers Companies Inc is a leading entity in the Insurance sector. Incorporated and publicly traded since 1980-03-17, the company has established its reputation as one of the key players in the market. As of today, Travelers Companies Inc has a market capitalization of 48870.63 in USD, with 228.40 shares outstanding.

Travelers Companies Inc operates primarily in the US, trading under the ticker TRV on the NEW YORK STOCK EXCHANGE, INC.. As a dominant force in the Insurance space, the company continues to innovate and drive progress within the industry.

From 2023-03-26 to 2023-04-02, TRV's stock price increased from 162.06 to 168.45. Company news during this period are listed below:

No relative news reported.
From 2023-04-02 to 2023-04-09, TRV's stock price decreased from 168.45 to 168.31. Company news during this period are listed below:

No relative news reported.
Some recent basic financials of TRV, reported on 2023-03-31, are presented below:

[Basic Financials]:

bookValue: 23052
cashRatio: 0.20634920634920634
ev: 46120.71
fcfPerShareTTM: 26.8874
longtermDebtTotalAsset: 0.0608
longtermDebtTotalCapital: 0.237
longtermDebtTotalEquity: 0.312
netDebtToTotalCapital: 0.215
netDebtToTotalEquity: 0.2831
payoutRatioTTM: 0.3133
pb: 1.7177
peTTM: 14.1464
pfcfTTM: 6.3751
ptbv: 1.7392
roaTTM: 0.0241
roeTTM: 0.1281
roicTTM: 0.0961
rotcTTM: 0.1189
tangibleBookValue: 22767
totalDebtToEquity: 0.3163
totalDebtToTotalAsset: 0.0616
totalDebtToTotalCapital: 0.2403
totalRatio: 1.2419

Based on all the information before 2023-04-09, let's first analyze the positive developments and potential concerns for TRV. Come up with 2-4 most important factors respectively and keep them concise. Most factors should be inferred from company related news. Then let's assume your prediction for next week (2023-04-09 to 2023-04-16) is down by 1-2%. Provide a summary analysis to support your prediction. The prediction result need to be inferred from your analysis at the end, and thus not appearing as a foundational factor of your analysis.","[Positive Developments]: 

1. Travelers Companies Inc's financials demonstrate stability. 
2. The company's strong cash ratio (0.2063) suggests good liquidity, indicating its ability to cover short-term liabilities. 
3. With a payout ratio of 0.3133, TRV still has a significant portion of their earnings available for reinvestment or to cover any unexpected fall in earnings.

[Potential Concerns]:

1. Although TRV's financials are stable, there's an increase in total debt to total equity (0.3163), suggesting that the company might be financing its growth by debt. 
2. The absence of relevant news could be a double-edged sword, potentially indicating that there's no immediate growth catalyst. 
3. The price earnings ratio (peTTM) stands at 14.1464, slightly high compared to some competitors, which could be a sign of overvaluation.

[Prediction & Analysis]:
 
Though there are sound indicators of financial stability like good liquidity and a solid payout ratio, the lack of significant news or immediate growth catalysts coupled with a slight hint of overvaluation might cause a bit of investor hesitation, leading to a marginal decline in the stock price by around 1-2% in the next week. However, as the fundamentals remain robust, the potential for rebounds in the weeks following should not be discounted.
"
"[Company Introduction]:

Travelers Companies Inc is a leading entity in the Insurance sector. Incorporated and publicly traded since 1980-03-17, the company has established its reputation as one of the key players in the market. As of today, Travelers Companies Inc has a market capitalization of 48870.63 in USD, with 228.40 shares outstanding.

Travelers Companies Inc operates primarily in the US, trading under the ticker TRV on the NEW YORK STOCK EXCHANGE, INC.. As a dominant force in the Insurance space, the company continues to innovate and drive progress within the industry.

From 2023-03-26 to 2023-04-02, TRV's stock price increased from 162.06 to 168.45. Company news during this period are listed below:

No relative news reported.
From 2023-04-02 to 2023-04-09, TRV's stock price decreased from 168.45 to 168.31. Company news during this period are listed below:

No relative news reported.
From 2023-04-09 to 2023-04-16, TRV's stock price decreased from 168.31 to 165.46. Company news during this period are listed below:

No relative news reported.
[Basic Financials]:

No basic financial reported.

Based on all the information before 2023-04-16, let's first analyze the positive developments and potential concerns for TRV. Come up with 2-4 most important factors respectively and keep them concise. Most factors should be inferred from company related news. Then let's assume your prediction for next week (2023-04-16 to 2023-04-23) is up by more than 5%. Provide a summary analysis to support your prediction. The prediction result need to be inferred from your analysis at the end, and thus not appearing as a foundational factor of your analysis.","[Positive Developments]:
1. The company has demonstrated a stable financial performance as indicated by the consistent, albeit small, growth in stock price over the past weeks.
2. The absence of negative news for the past weeks is a positive sign, hinting at stable operations and no visible commercial threats or hurdles.
3. The company has a strong market capitalization of 48870.63 in USD with 228.40 million shares, indicating a robust standing in the sector.

[Potential Concerns]:
1. No significant news suggests that the company may not be making enough forward-driving moves in the market, which can be a matter of concern in a highly competitive insurance industry.
2. Without basic financials reported, it is risky to make an assertive speculation about the company's profitability status, possibly indicating hidden lackluster financial performance.
3. The decrease in the company's stock price from 168.31 to 165.46 without any related news might suggest intrinsic issues in the firm's operation or an unfavorable market sentiment.

[Prediction & Analysis]:

Notwithstanding the recent modest drop in TRV's stock price, the broader trend remains positive. Despite the absence of news during the past weeks, no news can sometimes be good news, as it might suggest the company's operations are proceeding as expected, without any critical obstacles. This, combined with the company's overall consistent stock performance, suggests a level of reliability.
Moreover, the Insurance sector often enjoys a level of natural immunity against market fluctuations due to its essential nature. It's a sector where growth might not be rapid, but stability is almost granted.
Therefore, I predict a possibility of the stock rebounding and gaining by more than 5% in the week from April 16 to April 23. This is based on its previous performance, the inherent stability of the insurance sector, and the absence of any immediate operation-threatening news. But, it would be recommended to watch for any financial data or news that the company might release in the future."
"[Company Introduction]:

Travelers Companies Inc is a leading entity in the Insurance sector. Incorporated and publicly traded since 1980-03-17, the company has established its reputation as one of the key players in the market. As of today, Travelers Companies Inc has a market capitalization of 48870.63 in USD, with 228.40 shares outstanding.

Travelers Companies Inc operates primarily in the US, trading under the ticker TRV on the NEW YORK STOCK EXCHANGE, INC.. As a dominant force in the Insurance space, the company continues to innovate and drive progress within the industry.

From 2023-04-02 to 2023-04-09, TRV's stock price decreased from 168.45 to 168.31. Company news during this period are listed below:

No relative news reported.
From 2023-04-09 to 2023-04-16, TRV's stock price decreased from 168.31 to 165.46. Company news during this period are listed below:

No relative news reported.
From 2023-04-16 to 2023-04-23, TRV's stock price increased from 165.46 to 176.40. Company news during this period are listed below:

No relative news reported.
[Basic Financials]:

No basic financial reported.

Based on all the information before 2023-04-23, let's first analyze the positive developments and potential concerns for TRV. Come up with 2-4 most important factors respectively and keep them concise. Most factors should be inferred from company related news. Then let's assume your prediction for next week (2023-04-23 to 2023-04-30) is up by 0-1%. Provide a summary analysis to support your prediction. The prediction result need to be inferred from your analysis at the end, and thus not appearing as a foundational factor of your analysis.","[Positive Developments]:
1. TRV's stock price has increased significantly from 165.46 to 176.40 during the period from 2023-04-16 to 2023-04-23, showing strong market sentiment.
2. There has been no negative news reported related to TRV in the recent weeks, which could maintain investor confidence in the company.

[Potential Concerns]:
1. The lack of company-related news could be a concern considering that substantial changes in stock prices usually come with corresponding events. The recent surge of stock price from 165.46 to 176.40 might not be sustainable without clear underlying causes.
2. Also, the absence of recent basic financial data might add uncertainty to the outlook of the company's stock performance.

[Prediction & Analysis]:

The Traveler Companies' stock had a significant increase during the week of 2023-04-16 to 2023-04-23, in the absence of any notable news impacting it. Despite the inconsistency between stock price movement and company news, the absence of negative news contributes to positive investor sentiment. Going forward, investor confidence as well as the company's reputation in the market would likely continue to support the company's stock price.

However, the absence of recent financial data adds uncertainty to the future performance of the company's stock. Still, considering that Travelers Companies Inc is a prominent player in the insurance space, it is not unreasonable to expect that its fundamentals remain solid.

Therefore, I would predict a slight increase in stock price for Traveler Companies Inc in the upcoming week of 2023-04-23 to 2023-04-30. The increase would potentially be within the range of 0-1%, assuming no major unforeseen events occur. Nevertheless, the possibility of unforeseen volatility is relatively high due to the lack of recent news and financial data."
"[Company Introduction]:

Travelers Companies Inc is a leading entity in the Insurance sector. Incorporated and publicly traded since 1980-03-17, the company has established its reputation as one of the key players in the market. As of today, Travelers Companies Inc has a market capitalization of 48870.63 in USD, with 228.40 shares outstanding.

Travelers Companies Inc operates primarily in the US, trading under the ticker TRV on the NEW YORK STOCK EXCHANGE, INC.. As a dominant force in the Insurance space, the company continues to innovate and drive progress within the industry.

From 2023-04-16 to 2023-04-23, TRV's stock price increased from 165.46 to 176.40. Company news during this period are listed below:

No relative news reported.
From 2023-04-23 to 2023-04-30, TRV's stock price increased from 176.40 to 178.01. Company news during this period are listed below:

No relative news reported.
[Basic Financials]:

No basic financial reported.

Based on all the information before 2023-04-30, let's first analyze the positive developments and potential concerns for TRV. Come up with 2-4 most important factors respectively and keep them concise. Most factors should be inferred from company related news. Then let's assume your prediction for next week (2023-04-30 to 2023-05-07) is up by 0-1%. Provide a summary analysis to support your prediction. The prediction result need to be inferred from your analysis at the end, and thus not appearing as a foundational factor of your analysis.","[Positive Developments]:
1. The stock price of TRV has been on a consistent upward trend in the past two weeks. This shows a progressively strong performance and high investor confidence.
2. Despite the lack of news, the shares have maintained a bullish trend, implying that the general market sentiment towards the company remains positive.

[Potential Concerns]:
1. Lack of any significant news or company updates may imply a forthcoming stagnation. This may lead to a decrease in investor interest or shares being sold out of boredom.
2. No recent financials have been reported, making it difficult to track the company's actual performance and affect the investor's decision-making process.

[Prediction & Analysis]:

Although there is a lack of recent company news or financials that might contribute to predicting the stock price, the consistent progressive growth in the TRV's stock price over the past two weeks suggests a positive trend. This shows that investors remain confident in the company's success, which is a good sign for the continuation of this trend.

While the lack of recent news or financials can impact investor decision making and potentially lead to a stagnant period, current information does not necessarily suggest a downturn awaits. The companyï¿½s historical performance, its standing in the insurance sector and steady growth might be enough to keep investors interested.

Therefore, considering these factors, it is predicted that the TRV's stock will see a minor uptick of 0-1% in the upcoming week. This is a conservative estimate, taking into account the continuation of the positive trend despite some potential hiccups due to the lack of recent news or financials."
